local time UTC,Latitude,Longitude,QFE altitude baro,InHg Altitude,See level Altitude,Static Temperature,Indicated air speed,GPS Ground speed,Vertical speed,Pitch,Roll,Lateral acceleration,Normal acceleration,Magnetic heading,GPS heading,GPS altitude,True Air Speed,Course,Wind speed,Wind direction,ISA Pressure altitud
9:59:25,50.4910273,4.773818,561,30,563.4,18.8,29.87,20,-13.17,0.18,0.48,0.02,0,238.5,238.5,714.1,30,150,10.34,241.2,486
9:59:26,50.4909731,4.7736614,560,30,563.8,18.8,31.91,24.28,-29.72,0.04,0.33,-0.01,0.02,239.9,239.4,714.5,32,150,8.14,244.2,485
9:59:27,50.4909107,4.7734755,559,30,564.2,18.8,34.8,28.46,-46.31,0.3,0.11,-0.02,-0.02,237.5,239.9,714.9,35,150,6.97,231.2,484
9:59:28,50.4908334,4.7732709,559,30,564.6,18.5,40.67,32.5,-53.62,0.53,0.32,0.01,0.05,237.1,238.2,715.3,41,150,8.81,236.2,484
9:59:29,50.4907485,4.7730406,557,30,565.1,18.5,42.63,36.41,-57.35,0.27,0.11,0.02,-0.03,237.8,238,715.8,43,150,6.87,240.5,482
9:59:30,50.490653,4.7727864,557,30,565.6,18.5,44.9,40.22,-60.18,0.51,0.04,-0.05,0.11,237.1,238.7,716.3,46,150,5.45,230,482
9:59:31,50.4905491,4.7725107,556,30,566.1,18.5,49.16,43.81,-60.03,1.79,0.34,-0.04,0.02,237.4,237.9,716.8,50,150,6.09,238.5,481
9:59:32,50.4904376,4.7722147,551,30,566.7,18.5,50.6,47.14,-78.13,6.32,-4.75,0,0.08,235.2,237.4,717.4,51,150,4.51,217.2,476
9:59:33,50.4903064,4.7719095,549,30,569.3,18.5,53.41,50.15,-124.11,9.12,0.67,-0.02,0.08,238.1,235,720,54,150,5.1,275.9,474
9:59:34,50.4901721,4.7715935,556,30,575.5,18.2,57.35,52.25,-102.68,8.89,3.37,0.01,0.02,241.3,234.7,726.2,58,150,8.88,287.9,481
9:59:35,50.4900427,4.771264,566,30,583.2,18.2,59.66,53.57,28.65,8.61,3.34,0.04,0.14,243.2,236.3,733.9,61,150,10.04,287.6,491
9:59:36,50.489916,4.7709165,575,30,592.9,18.2,62.08,54.6,200.56,9.23,2.23,-0.01,-0.03,240.8,238.6,743.6,63,150,8.79,258.5,500
9:59:37,50.4897917,4.7705697,584,30,604.7,18.2,63.54,55.22,336.32,9.6,2.69,0.01,-0.06,242.9,239.2,755.4,65,150,10.17,267.1,509
9:59:38,50.4896698,4.7702125,597,30,617.3,18.2,63.99,55.71,453.44,8.68,-1.87,0.02,-0.02,242.9,240.4,768.1,65,150,9.7,261,522
9:59:39,50.4895479,4.7698504,609,30,630.1,18.2,64.19,56.33,557.98,8.43,0.73,-0.05,-0.14,241.6,240.9,780.8,65,150,8.93,250.2,534
9:59:40,50.4894253,4.7694845,621,30,642.1,18.2,65.55,57.15,629.21,8.24,2.56,0,-0.03,244.9,240.1,792.8,67,150,10.92,274.7,546
9:59:41,50.4893037,4.7691128,632,30,654,18.2,66.98,57.6,662.64,9.69,3.59,0,-0.08,244.7,241.3,804.7,68,150,11.23,266.3,557
9:59:42,50.4891855,4.7687374,644,30,667,18.2,64.95,57.67,677.84,9.09,-3.78,0.05,-0.01,245,241.8,817.7,66,150,9.14,269.7,569
9:59:43,50.4890636,4.7683618,659,30,681.3,18,66.43,58,708.42,9.06,0.88,0,-0.06,243.1,241.9,832,68,150,9.65,254,584
9:59:44,50.4889441,4.7679776,671,30,694.2,18,66.44,58.39,738.57,8.62,8.25,-0.04,-0.16,243,242.2,844.9,68,150,9.22,252.1,596
9:59:45,50.4888351,4.7675946,682,30,705.5,18,67.46,58.72,742.21,8.35,12.51,0.01,0.16,247.9,243.7,856.2,69,150,11.06,274.6,607
9:59:46,50.4887375,4.7671944,695,30,718,18,69.94,58.98,735.31,8.07,10.94,0.01,-0.06,251.8,247.7,868.8,71,150,13.15,274.3,620
9:59:47,50.4886549,4.7667838,705,30,727.8,18,70.9,59.25,718.35,9.83,11.17,0,0.06,256.3,251,878.5,72,150,14.34,281.9,630
9:59:48,50.4885877,4.7663667,714,30,737.5,18,68.89,59.38,680.57,9.64,8.27,-0.01,0,258.2,254.5,888.2,70,150,11.6,281.2,639
9:59:49,50.4885316,4.7659403,726,30,749.9,18,68.02,59.81,651.01,9.06,7.24,-0.03,-0.11,259.7,257,900.6,69,150,10,280.4,651
9:59:50,50.4884905,4.765508,737,30,761.6,18,68.88,60.47,651.91,9.56,8.94,-0.01,0.05,262.1,259,912.3,70,150,10.39,284.9,662
9:59:51,50.4884534,4.7650703,749,30,774.1,17.8,71.3,60.76,655.21,9.81,7.23,0,0.11,263.8,261.6,924.9,73,150,12.13,278.4,674
9:59:52,50.4884317,4.7646289,763,30,789.8,17.8,70.58,60.98,676.02,9.72,7.53,-0.03,-0.17,264.9,264.1,940.5,72,150,10.92,273.3,688
9:59:53,50.488421,4.7641863,777,30,805.1,17.8,71.99,61.13,712.12,10.74,10.12,0,0.03,270.7,265.7,955.8,73,150,13.64,297.2,702
9:59:54,50.4884224,4.7637444,792,30,822,17.8,70.89,60.86,762.9,11.72,6.83,-0.01,-0.04,271.6,268.7,972.7,72,150,11.89,290,717
9:59:55,50.4884312,4.763304,810,30,839.8,17.8,69.87,60.41,825.6,12.58,8.5,-0.03,0.06,272.2,271.1,990.5,71,150,10.87,282.2,735
9:59:56,50.4884549,4.7628758,827,30,857.5,17.8,69.6,59.89,891.05,12.54,11.44,-0.01,-0.03,273.7,273.3,1008.2,71,150,11.03,279.9,752
9:59:57,50.4884982,4.7624501,844,30,873.8,17.8,68.95,59.31,948.21,12.32,15.06,-0.04,-0.02,277.2,276.2,1024.6,70,150,11.04,286.2,769
9:59:58,50.4885532,4.7620337,860,30,889,17.5,68.73,58.7,977.03,11.28,14.23,0,-0.03,281.3,280,1039.7,70,150,11.5,291.5,785
9:59:59,50.4886236,4.7616263,875,30,902.8,17.5,67.2,58.47,978.9,10.71,16.84,-0.05,-0.05,284,284.3,1053.5,68,150,10.03,286,800
10:00:00,50.4887169,4.7612296,887,30,913.8,17.5,66.91,58.32,943.64,9.78,19.85,-0.01,0.06,290.1,288.4,1064.5,68,150,10.15,303.6,812
10:00:01,50.488834,4.7608463,898,30,924.4,17.5,66.46,58.63,882.1,9.82,18.7,-0.02,0.06,294.3,294.3,1075.1,68,150,9.14,297.8,823
10:00:02,50.4889773,4.7604821,908,30,934,17.5,66.9,59.15,803.3,9.77,22.4,-0.03,0.05,299.4,300,1084.7,68,150,9.07,298.9,833
10:00:03,50.4891477,4.7601405,917,30,943,17.5,66.57,59.83,717.99,9.79,22.99,-0.03,0,305.2,306.5,1093.8,68,150,8.14,299.8,842
10:00:04,50.4893485,4.7598263,926,30,951.2,17.5,66.76,60.71,643.97,8.88,23.99,-0.02,0,311.3,313.2,1101.9,68,150,7.59,300.5,851
10:00:05,50.4895724,4.7595469,933,30,957.6,17.5,67.36,61.89,582.32,8.34,24.16,-0.02,0.07,317.5,320,1108.3,69,150,7.26,300.3,858
10:00:06,50.4898229,4.7593059,938,30,963,17.2,68.16,63.43,519.99,7.15,25.5,-0.01,0.08,324,327,1113.7,70,150,6.89,299.5,863
10:00:07,50.4900965,4.7591082,943,30,967.4,17.2,68.11,65.35,453.32,7.69,25.38,-0.01,0.05,329.9,333.9,1118.1,69,150,6.01,286.8,868
10:00:08,50.4903956,4.7589601,946,30,969.5,17.2,67.96,67.28,383.39,7.45,25.06,-0.03,0.02,336.8,340.6,1120.2,69,150,4.69,276.3,871
10:00:09,50.4907098,4.7588614,948,30,970.4,17.2,69.91,69.14,305.27,7.11,24.17,-0.03,0.42,344.9,347.1,1121.1,71,150,3.15,301.1,873
10:00:10,50.4910395,4.7588235,949,30,973.4,17,71.46,70.99,220.61,5.89,19.95,0,0,351.2,354.1,1124.1,73,150,3.74,294.7,874
10:00:11,50.4913718,4.7588339,952,30,977.3,17,73.12,72.52,166.69,6.3,23.35,-0.03,0.4,359.1,359.5,1128,75,150,2.04,358.4,877
10:00:12,50.4917163,4.7589091,958,30,985.1,17,72.25,74.25,159.59,4.79,17.5,-0.01,0.01,2.3,6.4,1135.8,74,150,5.03,269.6,883
10:00:13,50.4920592,4.7590322,967,30,995.7,17,73.15,76.2,212.68,4.02,17.73,0.01,0.18,7.8,11.1,1146.4,75,150,4.21,259,892
10:00:14,50.4924093,4.7592066,981,30,1008.9,17,74.89,78.2,332.1,8.4,17.82,-0.05,0.14,8.6,16.2,1159.6,76,150,9.93,273.7,906
10:00:15,50.4927456,4.759421,989,30,1020.6,17,75.1,79.29,452.12,8.8,19.92,0,0.06,12.9,20.3,1171.3,77,150,9.95,272.8,914
10:00:16,50.4930807,4.7596794,1002,30,1032.8,16.8,74.61,79.91,532.15,9.99,21.92,-0.02,0.12,18.6,25,1183.5,76,150,9.14,269.3,927
10:00:17,50.4933958,4.7599869,1014,30,1046.9,16.8,74.23,80.57,602.8,9.15,22.84,0.01,0.14,25.3,30.1,1197.6,76,150,7.88,261.9,939
10:00:18,50.4936956,4.7603449,1029,30,1060.4,16.8,73.61,81.33,671.25,9.96,24.53,-0.02,0.02,30.3,35.7,1211.2,75,150,9.37,263.5,954
10:00:19,50.4939722,4.7607483,1041,30,1072.2,16.8,72.86,82.01,724.47,9.35,22.62,-0.01,0,36.1,40.9,1222.9,74,150,9.78,259.2,966
10:00:20,50.4942347,4.7611944,1052,30,1082.9,16.8,73.14,82.69,739.49,8.51,21.34,-0.02,0.01,42.3,46.1,1233.6,75,150,9.32,256.8,977
10:00:21,50.494468,4.7616719,1063,30,1092.5,16.8,72.76,83.49,726.81,6.9,14.81,0.02,-0.09,47.1,50.7,1243.2,74,150,10.17,256.5,988
10:00:22,50.494688,4.762179,1073,30,1100.9,16.8,72.95,84.38,697.08,7.35,7.42,0.02,0,50.3,54.2,1251.6,75,150,11.06,261,998
10:00:23,50.4949002,4.7627008,1081,30,1109.4,16.8,71.96,85.08,650.18,6.58,-0.83,0.03,-0.07,51.5,56.1,1260.1,73,150,13.02,262.8,1006
10:00:24,50.49511,4.7632278,1089,30,1117.3,16.8,72.91,85.7,600.25,5.13,-4.49,0.01,-0.06,49.2,56.4,1268,74,150,14.78,275.3,1014
10:00:25,50.4953247,4.7637584,1097,30,1125.7,16.5,73.3,86.56,557.79,3.37,-0.94,-0.02,-0.19,46.9,55.7,1276.4,75,150,16.67,278.8,1022
10:00:26,50.4955463,4.7642892,1103,30,1128.9,16.5,73.7,87.71,515.49,2.63,3.13,0,-0.12,49,55,1279.6,75,150,14.8,266.9,1028
10:00:27,50.4957713,4.7648334,1105,30,1129.2,16.5,75.8,89.26,442.01,2.5,4.67,0.01,-0.02,50.9,55.6,1279.9,77,150,13.41,263.4,1030
10:00:28,50.4959923,4.7653952,1105,30,1129.3,16.5,76.95,90.95,333.74,2.54,4.21,0.01,0.02,51.5,56.6,1280,79,150,14.19,265.4,1030
10:00:29,50.4962137,4.7659723,1105,30,1129.8,16.5,78.27,92.59,216.32,2.2,3.88,0.02,-0.03,53.3,57.5,1280.5,80,150,13.89,261.8,1030
10:00:30,50.4964351,4.7665642,1105,30,1130.3,16.5,79.71,94.08,125.7,2.15,4.11,0.02,-0.02,54.9,58.4,1281,81,150,13.58,259.6,1030
10:00:31,50.4966479,4.767167,1104,30,1130.4,16.2,80.58,95.27,61.39,1.96,3.32,0.02,-0.02,56.3,59.4,1281.1,82,150,13.64,257.8,1029
10:00:32,50.496861,4.767785,1104,30,1130.1,16.2,81.85,96.34,19.95,2.02,2.42,0.03,0,57.4,60.3,1280.8,84,150,13.38,258.2,1029
10:00:33,50.497063,4.7684127,1103,30,1129.9,16.2,82.6,97.25,-8.41,1.98,1.13,0.02,0.06,57.8,61,1280.6,84,150,13.72,261,1028
10:00:34,50.4972686,4.769049,1103,30,1131.1,16.2,83.82,98.09,-24.31,1.68,0.9,0.01,-0.01,57.8,61.6,1281.8,86,150,13.74,265.9,1028
10:00:35,50.4974709,4.7696912,1103,30,1131.3,16.2,84.33,98.9,-23.79,1.07,-0.09,0.02,0.02,58.2,61.9,1282,86,150,13.94,265.2,1028
10:00:36,50.4976768,4.7703382,1103,30,1131.4,16.2,85.69,99.78,-18.27,1.23,1.87,-0.02,0.01,57.7,62,1282.1,87,150,13.86,269.3,1028
10:00:37,50.4978831,4.7709937,1100,30,1131.7,16,85.75,100.59,-28.37,0.83,0.77,-0.03,-0.11,56.1,62.1,1282.4,88,150,16.1,276.7,1025
10:00:38,50.4980891,4.7716513,1100,30,1130.4,16,86.92,101.25,-53.58,1.49,3.67,-0.04,0.21,56.2,62,1281.1,89,150,15.41,276.6,1025
10:00:39,50.4982999,4.7723196,1099,30,1131.3,16,87.88,102.03,-61.98,1.27,4.34,-0.03,0.09,57.1,62.3,1282,90,150,14.79,275,1024
10:00:40,50.4985047,4.7729887,1100,30,1132,16,88.09,102.67,-58.47,1.74,5.41,-0.02,0.1,58.5,62.8,1282.7,90,150,14.42,270.2,1025
10:00:41,50.4987037,4.773672,1101,30,1133.3,16,87.48,103.47,-31.97,1.1,0.29,-0.01,0.01,58.6,63.4,1284,89,150,16.08,271,1026
10:00:42,50.4989088,4.7743545,1102,30,1136.2,16,88.59,104.09,2.38,1.1,5.68,-0.03,0.05,58.1,63.7,1286.9,90,150,16.4,276.2,1027
10:00:43,50.4991027,4.7750479,1103,30,1137.5,16,89.44,104.7,25.24,2.2,17.93,-0.02,0.03,59.7,64.5,1288.1,91,150,15.45,273.7,1028
10:00:44,50.4992803,4.7757604,1104,30,1137.7,15.8,89.84,105.28,38.33,4.15,34.99,-0.08,0.26,65,67.3,1288.4,92,150,14.02,262.2,1029
10:00:45,50.4994103,4.7765059,1104,30,1139.3,15.8,90.5,105.98,43.94,2.76,38.62,-0.02,0.28,75.1,73.3,1290,92,150,14.12,240.9,1029
10:00:46,50.4994728,4.7772738,1105,30,1140.3,15.8,90.95,106.85,39.46,1.69,41.1,-0.04,0.16,83.4,80.8,1291,93,150,14.93,244,1030
10:00:47,50.4994701,4.7780544,1107,30,1140.8,15.8,90.94,107.73,40.53,0.59,42.42,-0.05,0.11,92.4,88.6,1291.4,93,150,16.52,247,1032
10:00:48,50.4994025,4.778835,1105,30,1138.8,15.8,91.72,108.68,37.95,0.74,43.15,-0.07,0.24,100.9,96.6,1289.5,94,150,17.11,252.3,1030
10:00:49,50.4992588,4.7795967,1101,30,1134.6,15.8,93,109.32,1.93,1.18,41.23,-0.02,0.4,111.4,104.7,1285.3,95,150,19.13,248.7,1026
10:00:50,50.499038,4.7803162,1098,30,1133.2,15.8,92.23,109.61,-63.84,0.98,45.09,-0.01,0.26,120.3,114,1283.9,94,150,19.48,261.7,1023
10:00:51,50.4987533,4.7809725,1097,30,1130.9,15.8,93.14,109.52,-109.82,1.35,46.11,-0.03,0.45,131.9,122.7,1281.6,95,150,22.25,259.6,1022
10:00:52,50.4984038,4.7815379,1094,30,1127.4,15.8,94.11,108.84,-132.6,1.86,43.92,-0.01,0.52,142.9,132.8,1278.1,96,150,22.7,264,1019
10:00:53,50.4979939,4.7819927,1091,30,1126.5,15.5,95.13,107.83,-151.02,2.32,43.82,-0.04,0.35,152.5,142.8,1277.2,97,150,20.94,270.4,1016
10:00:54,50.4975559,4.7823311,1090,30,1126.2,15.5,95.54,106.29,-154.03,1.54,44.87,-0.02,0.35,163.7,152.3,1276.8,97,150,22.64,272.6,1015
10:00:55,50.4970917,4.7825422,1090,30,1125.9,15.5,95.38,104.68,-129.83,1.45,42.92,-0.02,0.22,173.4,162.2,1276.6,97,150,21.61,279.6,1015
10:00:56,50.496613,4.7826339,1089,30,1124.1,15.5,95.34,103.06,-101.1,0.55,44.88,-0.02,0.26,184,171.4,1274.7,97,150,23.19,284,1014
10:00:57,50.4961493,4.7826024,1086,30,1119.4,15.5,95.46,101.39,-84.93,0.22,43.18,-0.03,0.31,192.5,180.8,1270.1,97,150,21.19,289.4,1011
10:00:58,50.4956967,4.7824524,1081,30,1113,15.5,96.59,99.91,-107.62,0.73,43.62,-0.06,0.35,201.4,190.4,1263.7,98,150,19.55,291.9,1006
10:00:59,50.4952683,4.7821884,1074,30,1106,15.5,96.01,98.69,-172.42,-0.9,44.97,-0.01,0.2,211.2,200.3,1256.6,98,150,19.26,300,999
10:01:00,50.4948823,4.7818173,1066,30,1096,15.5,96.94,97.66,-253.04,-1.01,45.14,-0.04,0.34,220.9,210,1246.7,99,150,19.29,303.9,991
10:01:01,50.4945517,4.7813462,1055,30,1084.5,15.5,97.91,96.94,-351.48,-2.59,42.82,-0.01,0.31,231.1,220.5,1235.1,100,150,19.07,309.1,980
10:01:02,50.494273,4.7807897,1043,30,1072.2,15.5,99.35,96.69,-460.07,-3.18,34.67,0.01,0.22,239.9,230.5,1222.9,101,150,17.39,312,968
10:01:03,50.4940543,4.7801807,1031,30,1059.5,15.5,100.17,97.02,-559.99,-2.64,19.14,-0.01,0.06,245.5,238.5,1210.2,102,150,13.55,312.2,956
10:01:04,50.493863,4.7795376,1019,30,1050.5,15.5,101.67,97.6,-639.93,-0.88,1.44,0.03,0.27,248.7,243.5,1201.2,103,150,11.44,307,944
10:01:05,50.4936811,4.7788856,1014,30,1050.4,15.2,101.31,98.03,-656.89,0.24,-4.53,-0.04,0.16,247.5,244.9,1201.1,103,150,7.23,293.1,939
10:01:06,50.4934965,4.7782347,1015,30,1055.1,15.2,103.08,97.91,-565.3,1,-5.02,0.07,0.07,247.2,244,1205.8,105,150,9.43,289.3,940
10:01:07,50.4933066,4.7775994,1021,30,1061.4,15.2,103.19,97.37,-370.33,0.75,-1.47,-0.07,0.12,245.3,243.4,1212,105,150,8.6,272.9,946
10:01:08,50.4931154,4.7769653,1030,30,1071.5,15.2,100.74,96.94,-131.8,0.54,-4.65,-0.02,-0.1,245.1,242.6,1222.2,103,150,7.39,285.9,955
10:01:09,50.4929201,4.7763344,1040,30,1082,15.2,99.87,96.63,114.64,0.99,-1.6,-0.02,-0.04,244.7,242.3,1232.7,102,150,6.88,287.5,965
10:01:10,50.4927181,4.775713,1048,30,1087.6,15.5,99.86,96.32,302.58,0.54,-5.7,-0.01,-0.05,244.8,241.6,1238.2,102,150,8.08,292.9,973
10:01:11,50.4925136,4.7750868,1055,30,1093.3,15.5,99.32,96.2,408.59,-1.32,-3.33,-0.02,-0.07,242.3,241.1,1244,101,150,5.62,271.4,980
10:01:12,50.4923014,4.7744758,1060,30,1097,15.5,98.87,96.51,433.15,-2.77,-2.52,-0.03,-0.17,242.6,240.2,1247.7,101,150,6.23,290.6,985
10:01:13,50.4920875,4.7738567,1063,30,1096.7,15.5,99.43,97.15,398.02,-2.91,-4.12,-0.06,-0.1,239.8,240,1247.4,101,150,4.17,246.1,988
10:01:14,50.4918631,4.773229,1062,30,1096,15.5,98.06,97.99,311.7,-3.7,-3.14,0.06,-0.19,241.5,239.1,1246.6,100,150,5.16,310.2,987
10:01:15,50.4916401,4.7726107,1059,30,1094.6,15.5,101.04,98.88,189.15,-2.7,-0.83,-0.05,-0.35,240.6,238.9,1245.2,103,150,5.38,282.6,984
10:01:16,50.4914133,4.7719829,1054,30,1088.4,15.5,103.48,99.33,57.05,-2.42,0.15,0.05,0.21,243.9,238.5,1239.1,105,150,11.77,301.9,979
10:01:17,50.491186,4.7713535,1049,30,1085,15.2,102.52,100.03,-62.44,-2.9,-0.44,-0.07,-0.1,241,239.1,1235.7,104,150,5.91,283.8,974
10:01:18,50.4909568,4.7707192,1045,30,1080.7,15.2,105.09,100.67,-165.52,-2.97,-1.87,0.08,0.09,243.4,238.7,1231.3,107,150,11.13,298,970
10:01:19,50.4907218,4.7700729,1042,30,1079.4,15.2,105.78,101.22,-216.35,-3.34,-4.59,0.01,-0.04,241.1,239,1230.1,108,150,7.87,276.2,967
10:01:20,50.4904948,4.7694429,1040,30,1077.8,15.2,107.07,101.45,-220.58,-3.15,-0.88,-0.04,0.07,241.3,238.4,1228.4,109,150,9.61,279.4,965
10:01:21,50.4902558,4.7688015,1039,30,1077.4,15.2,107.9,101.41,-198.51,-2.25,0.51,0.02,0.05,241.8,238.2,1228,110,150,11.15,282.3,964
10:01:22,50.490022,4.7681717,1038,30,1077,15.2,106.1,101.14,-158.11,-1.55,4.31,-0.02,0.1,241.6,238.6,1227.6,108,150,9.12,282.7,963
10:01:23,50.4897966,4.7675347,1037,30,1074.8,15.2,107.33,100.61,-120.85,-0.86,3.79,0.04,-0.1,243.1,239,1225.5,109,150,11.79,285.5,962
10:01:24,50.4895758,4.7668963,1034,30,1069.4,15.2,103.72,99.78,-103.28,0.7,8.77,0,0.09,242.4,240.1,1220.1,106,150,7.47,281.5,959
10:01:25,50.4893722,4.7662608,1030,30,1065.8,15.5,102.54,98.77,-123.86,1.63,17.85,-0.01,0.13,244.7,241.8,1216.5,104,150,8.02,290.3,955
10:01:26,50.4891913,4.7656124,1028,30,1064.7,15.5,102.26,97.48,-152.53,1.76,19.46,0.02,0.13,248.8,245,1215.4,104,150,9.79,295.9,953
10:01:27,50.4890487,4.7649517,1028,30,1065.1,15.5,101.3,96.12,-153.64,2.19,23.86,0.01,0.09,252.5,249.3,1215.7,103,150,9.35,293.9,953
10:01:28,50.4889423,4.764291,1028,30,1065.3,15.5,101.49,94.67,-123.27,2.61,31.14,-0.01,0.17,258.5,254.2,1216,103,150,11.84,301,953
10:01:29,50.488882,4.7636204,1029,30,1065.4,15.5,98.9,93.27,-73.24,1.8,28.65,0,-0.06,264.2,260.8,1216.1,101,150,9.82,305,954
10:01:30,50.4888709,4.7629525,1029,30,1063.6,15.5,98.08,92.37,-33.94,0.58,25.89,-0.04,0.03,269.5,266.7,1214.3,100,150,9.11,304.2,954
10:01:31,50.4889014,4.7622864,1027,30,1060.2,15.5,96.66,91.9,-20.41,-0.48,25.57,-0.03,0.12,275.3,272.1,1210.9,98,150,8.84,317.7,952
10:01:32,50.4889624,4.7616265,1023,30,1054.7,15.5,94.9,91.79,-47.71,-0.14,25.88,0,0.18,280.8,277.2,1205.4,97,150,8,333.3,948
10:01:33,50.4890689,4.7609859,1018,30,1049.4,15.5,95.46,91.69,-109.02,-0.58,24.2,0.03,0.06,286,282.9,1200.1,97,150,7.81,331.2,943
10:01:34,50.4892138,4.7603616,1014,30,1046.3,15.5,96.79,91.65,-178.73,0.96,24.69,0,0.12,290.7,288.5,1197,99,150,8.08,322.7,939
10:01:35,50.4894003,4.7597641,1010,30,1041.8,15.5,95.45,91.4,-220.93,0.87,26.08,0,0.31,295.3,293.9,1192.5,97,150,6.38,321.6,935
10:01:36,50.4896214,4.7591983,1007,30,1040.2,15.5,94.54,91.44,-237.19,0.02,25.04,-0.04,0.03,300.1,300,1190.9,96,150,4.88,309.5,932
10:01:37,50.4898764,4.7586669,1005,30,1039.3,15.5,95.27,91.81,-222.56,0.31,26.19,-0.03,0.06,305.1,305.5,1190,97,150,5.2,305.4,930
10:01:38,50.4901666,4.758173,1004,30,1038.5,15.5,97.33,92.08,-190.93,-1.27,28.58,0.11,0.05,312,310.9,1189.2,99,150,7.4,332.1,929
10:01:39,50.4904891,4.7577334,1003,30,1035.1,15.5,95.91,92.53,-138.24,0.92,28.21,-0.05,0.04,312.9,317.4,1185.7,98,150,8.7,262.8,928
10:01:40,50.4908352,4.7573422,998,30,1030.9,15.5,96.79,93.17,-129.06,-0.83,30.92,0.01,0.06,320,323,1181.6,99,150,7.01,283.2,923
10:01:41,50.4912155,4.757009,991,30,1023.7,15.5,97.81,94.16,-172.18,-0.77,31.77,-0.04,0.15,325.4,329.3,1174.4,100,150,8.14,280.5,916
10:01:42,50.4916224,4.7567398,984,30,1015.7,15.5,97.78,95.44,-246.79,-1.94,34.39,-0.01,0.12,332.7,335.6,1166.4,100,150,5.95,289.1,909
10:01:43,50.4920596,4.7565463,975,30,1004.9,15.5,96.7,97.06,-326.29,-2.66,34.44,-0.03,0.04,338.5,342.4,1155.6,98,150,6.29,264.5,900
10:01:44,50.4925117,4.7564284,964,30,992.5,15.5,97.4,99.1,-402.76,-4.52,36.22,-0.01,0.22,347.3,348.9,1143.2,99,150,2.18,259.4,889
10:01:45,50.492989,4.7563969,949,30,977.4,15.5,97.78,101.39,-510.27,-4.83,33.97,-0.01,0.1,354.5,356.1,1128.1,99,150,3.02,226.6,874
10:01:46,50.4934641,4.7564562,934,30,961.2,15.5,98.66,103.7,-633.99,-4.79,33.11,-0.03,0.15,0.5,2.8,1111.9,100,150,4.9,229.4,859
10:01:47,50.4939437,4.7566035,917,30,944.9,15.5,100.2,106.02,-754.71,-3.26,31.78,0.01,0.64,8.6,9.4,1095.6,102,150,4.29,202.9,842
10:01:48,50.4944191,4.7568506,902,30,932.6,15.5,101.17,108.25,-851.83,-1.61,27.06,0.06,0.39,13.5,16.6,1083.3,103,150,7.54,240.4,827
10:01:49,50.4948828,4.7571807,891,30,925.3,15.5,102.86,109.85,-885.19,0.71,23.17,-0.01,0.4,17.8,22.8,1076,104,150,10.38,260.8,816
10:01:50,50.4953304,4.7575744,886,30,923.9,15.2,102.53,110.57,-828.11,1.79,22.69,0.01,0.23,23,27.8,1074.6,104,150,10.72,260.3,811
10:01:51,50.4957534,4.7580289,888,30,927.8,15.2,101.55,110.64,-654.44,2.48,27.73,-0.05,0.07,28,32.8,1078.5,103,150,11.2,260.1,813
10:01:52,50.4961531,4.7585348,894,30,932.5,15.5,99.26,110.45,-403.26,2.52,28.37,0,0.16,34.8,37.5,1083.2,101,150,10.52,242.1,819
10:01:53,50.4965132,4.7590895,898,30,935.9,15.5,97.4,110.37,-153.71,1.94,26.17,-0.02,0.05,39.1,42.6,1086.5,99,150,12.8,249.7,823
10:01:54,50.4968499,4.7596945,901,30,939.2,15.5,96.94,110.37,25.57,1.33,27.07,-0.02,-0.02,43.6,47.3,1089.9,99,150,13.34,254.5,826
10:01:55,50.4971559,4.7603473,903,30,940.7,15.5,96.65,110.49,119.92,0.68,27.02,-0.02,0.15,49.4,52,1091.3,98,150,12.94,250.9,828
10:01:56,50.4974201,4.761025,905,30,940.6,15.5,96.58,110.9,148.24,0.09,24.38,0,-0.07,53,56.7,1091.3,98,150,14.14,262.3,830
10:01:57,50.4976571,4.7617428,905,30,939.4,15.5,96.27,111.42,134.15,0.3,26.24,-0.04,0.11,57.1,61.1,1090.1,98,150,15.09,266.6,830
10:01:58,50.497864,4.7624868,902,30,935.5,15.5,96.37,111.91,87.71,-0.51,25.13,0.03,0.22,63.5,65.1,1086.2,98,150,14.17,255.5,827
10:01:59,50.4980339,4.763265,898,30,930.4,15.5,95.47,112.53,8.38,-1.59,15.19,0.03,0.06,68.1,69.3,1081.1,97,150,15.59,256.1,823
10:02:00,50.4981789,4.7640463,893,30,924.3,15.5,97.53,113.09,-85.79,-1.35,3.48,0.06,0.22,70.1,72.1,1075,99,150,14.36,265.4,818
10:02:01,50.4983163,4.7648478,887,30,919.6,15.5,97.87,113.46,-172.96,-0.87,-1.88,0,0.03,68.6,73.3,1070.3,99,150,16.27,283.1,812
10:02:02,50.4984491,4.765615,883,30,916.3,15.5,97.93,113.38,-240.53,-0.94,0.51,-0.03,0.04,69.2,73.1,1067,99,150,15.42,278.5,808
10:02:03,50.49859,4.7664266,881,30,914.7,15.5,97.97,113.15,-261.24,-0.82,2.04,0.02,0.15,70.9,73.2,1065.4,99,150,14.11,268.6,806
10:02:04,50.4987201,4.7672019,879,30,914.1,15.5,98.1,113.11,-242.09,-0.25,3.03,-0.01,-0.06,71.1,73.6,1064.8,100,150,14.09,271.1,804
10:02:05,50.4988562,4.7680113,880,30,915,15.5,98.3,112.88,-193.48,-0.46,1.41,0.04,-0.04,71.8,74,1065.7,100,150,13.53,270,805
10:02:06,50.4989788,4.7687864,882,30,918.1,15.5,96.75,112.63,-117.24,0.22,4.83,0,-0.01,72.4,74.5,1068.7,98,150,14.71,268.1,807
10:02:07,50.4990994,4.7695953,884,30,919.5,15.5,97.6,112.3,-33.01,0.46,3.45,-0.01,0,73.1,75.1,1070.2,99,150,13.54,269.5,809
10:02:08,50.4992065,4.7703676,888,30,921.6,15.5,96.46,111.93,37.5,0.8,1.54,-0.06,0.05,71.4,75.9,1072.3,98,150,15.93,284.5,813
10:02:09,50.4993197,4.7711768,890,30,923.4,15.5,95.53,111.52,91.45,0.6,2.03,0.01,-0.13,75.4,76.1,1074.1,97,150,14.48,259.9,815
10:02:10,50.4994237,4.7719464,892,30,924.2,15.5,94.01,111.15,119.58,2,-0.47,-0.03,0.07,73.7,76.4,1074.9,96,150,16.22,272.4,817
10:02:11,50.499533,4.7727483,892,30,925.9,15.5,95.25,110.45,112.08,2.44,-1.87,0,0.07,72.8,76.4,1076.6,97,150,14.85,279.4,817
10:02:12,50.4996383,4.7735118,897,30,935.4,15.5,93.97,109.5,103.65,2.32,-0.87,-0.01,-0.04,72.4,76.1,1086.1,95,150,15.26,279.3,822
10:02:13,50.4997507,4.7742915,904,30,940.6,15.5,93.08,108.66,148.21,2.04,1.57,-0.01,0.03,72.6,75.7,1091.3,95,150,14.94,275.8,829
10:02:14,50.4998547,4.7750376,910,30,947.3,15.5,93.13,107.98,222.57,2.27,4.71,-0.01,0.02,73.2,76,1098,95,150,14.01,274.4,835
10:02:15,50.4999573,4.775799,916,30,952.8,15.5,91.8,107.38,283.19,2.83,7.56,0,-0.02,74.2,76.6,1103.5,93,150,14.55,272.1,841
10:02:16,50.5000443,4.7765605,922,30,958.6,15.5,90.33,106.85,321.76,2.49,18,-0.04,-0.11,74.9,78,1109.3,92,150,15.76,275.9,847
10:02:17,50.5001153,4.7773246,927,30,959.7,15.5,89.39,106.44,341.86,3.98,26.88,-0.04,0.2,80.8,80.4,1110.4,91,150,15.6,257.9,852
10:02:18,50.5001433,4.7780921,929,30,962.2,15.5,88.95,106.04,318.32,4,29.05,-0.04,0.15,87.5,84.9,1112.8,90,150,16.38,250.1,854
10:02:19,50.5001285,4.7788644,932,30,965.5,15.5,88.36,105.59,267.72,3.78,29.21,-0.03,0.08,92.7,90.5,1116.2,90,150,16.32,258,857
10:02:20,50.5000604,4.7796164,935,30,969.2,15.5,89.65,105.08,221.84,3.44,32.7,-0.03,0.01,99,96,1119.8,91,150,15.03,256.9,860
10:02:21,50.4999518,4.7803688,938,30,971.6,15.5,88.94,104.44,199.59,2.81,35.19,-0.03,0.08,106.6,101.8,1122.3,90,150,16.51,253.9,863
10:02:22,50.4997869,4.7810772,941,30,972.9,15.5,88.73,103.88,185.46,2.6,34.38,-0.01,0.3,114.5,108.2,1123.6,90,150,17.62,253.7,866
10:02:23,50.4995659,4.7817285,941,30,976.2,15.5,87.19,103.37,165.12,1.59,33.99,-0.01,0.17,122.2,114.9,1126.9,89,150,19.5,259.1,866
10:02:24,50.4993074,4.7823742,941,30,972.1,15.5,86.81,102.95,127.78,1.56,34.45,-0.04,0.18,129,121.8,1122.7,88,150,19.3,266.4,866
10:02:25,50.4989989,4.7829227,940,30,976.8,15.5,87.45,102.42,78.93,0.93,34.63,0.01,0.13,135.5,128.3,1127.4,89,150,18.42,270.6,865
10:02:26,50.4986597,4.783433,939,30,972.4,15.5,86.97,102.13,27.8,0.32,35.94,-0.02,0.05,143.1,135.1,1123.1,88,150,19.48,275.4,864
10:02:27,50.4982805,4.7838642,937,30,969.8,15.5,87.23,101.66,-21.63,3.26,36.93,-0.03,0.27,151.8,142.5,1120.5,89,150,20.56,277.8,862
10:02:28,50.4978692,4.7842092,935,30,967.5,15.5,87.19,100.42,-62.8,3.23,40.48,-0.04,0.33,161.9,150.2,1118.2,89,150,22.98,278.5,860
10:02:29,50.4974417,4.7844431,933,30,966.2,15.5,88.49,98.42,-90.85,4.08,42.75,-0.05,0.53,173.6,159.2,1116.9,90,150,25.48,277.4,858
10:02:30,50.4970036,4.7845506,932,30,967.5,15.5,88.4,95.7,-106.49,3.53,44.76,-0.05,0.38,184,169.6,1118.2,90,150,24.57,282.2,857
10:02:31,50.4965757,4.7845328,934,30,968.7,15.5,87.41,92.95,-83.67,2.23,47.68,-0.05,0.37,195.3,179.9,1119.4,89,150,25.25,288.6,859
10:02:32,50.4961582,4.7843929,934,30,966.2,15.5,87.22,90.49,-43.69,0.22,45.89,-0.02,0.14,205.2,190.9,1116.9,89,150,22.85,294.3,859
10:02:33,50.4957759,4.7841457,930,30,958.9,15.5,87.58,88.78,-38.28,-1.19,44.88,-0.03,0.13,214.7,200.9,1109.6,89,150,21.78,298.9,855
10:02:34,50.4954486,4.7838083,920,30,945.2,15.5,87.76,87.43,-103.86,-1.7,43.71,-0.03,0.21,224.1,211,1095.9,89,150,20.78,304.5,845
10:02:35,50.4951545,4.783364,906,30,933.8,15.5,90.24,86.62,-252.09,-3.36,43.97,-0.04,0.23,233.8,221.8,1084.5,92,150,19.86,304.8,831
10:02:36,50.4949214,4.7828707,889,30,912.2,15.5,92.12,86.44,-453.4,-6.05,36.11,0,0.19,242.9,231.7,1063,94,150,19.36,307.6,814
10:02:37,50.4947337,4.7823122,868,30,889.8,15.5,94.35,87.28,-671.48,-5.94,12.03,0.03,0.14,249.2,240.2,1040.5,96,150,17.07,306.7,793
10:02:38,50.4945677,4.781723,848,30,870.3,15.5,96.2,88.79,-876.99,-4.21,-5,-0.01,0.22,248.3,244.3,1021,98,150,11.27,286.6,773
10:02:39,50.4943875,4.7811088,831,30,859.8,15.2,96.58,90.45,-1021.79,-4.04,-4.87,-0.04,0.08,247.1,243.9,1010.5,98,150,9.5,284.9,756
10:02:40,50.494208,4.7805253,818,30,847.1,15.2,97.94,91.71,-1058.51,-3.49,-6.27,-0.02,0.01,245.6,242.7,997.8,99,150,9.32,281,743
10:02:41,50.4940081,4.7799126,807,30,839.9,15.2,99.28,92.59,-998.26,-1.09,-2.99,-0.01,0.24,245.3,241.4,990.6,101,150,10.81,286.8,732
10:02:42,50.493814,4.779332,801,30,836.2,15.2,99.92,92.88,-878.38,-0.35,-2.54,-0.02,-0.03,244.4,240.5,986.9,101,150,11,284.4,726
10:02:43,50.4936057,4.7787366,800,30,836.8,15.2,98.91,92.64,-701.36,0.08,1.05,-0.01,0.09,244.3,239.9,987.5,100,150,10.95,289.6,725
10:02:44,50.4934055,4.7781548,800,30,836.3,15.2,99.51,92.22,-491.91,0.64,1.61,-0.03,-0.1,243.4,239.9,987,101,150,10.78,279.8,725
10:02:45,50.4932007,4.7775638,799,30,835.9,15.2,98.24,91.5,-310.41,1.14,-0.36,-0.02,0.01,243.1,240,986.6,100,150,9.94,278.7,724
10:02:46,50.4930053,4.7769928,800,30,835.7,15.2,96.6,90.89,-179.02,0.3,0.04,-0.04,0.01,242.7,240,986.4,98,150,8.68,278.7,725
10:02:47,50.4928032,4.7764161,800,30,833.7,15.2,95.12,90.58,-92.93,-0.22,0.98,-0.01,0,243.2,239.7,984.4,96,150,8.56,289.8,725
10:02:48,50.4926047,4.77584,796,30,828.4,15.5,95.09,90.45,-60.26,-0.93,-1.96,-0.01,0.05,243,239.9,979.1,96,150,8.15,286,721
10:02:49,50.4924026,4.7752651,793,30,825.1,15.5,94.27,90.7,-82.36,-1.03,-4,0.02,0.12,243,239.5,975.8,96,150,7.88,294.8,718
10:02:50,50.4921963,4.7746911,789,30,822.1,15.5,94.22,91.03,-125.29,-0.73,-0.07,-0.02,0.05,242.9,238.8,972.8,96,150,8.4,300.2,714
10:02:51,50.4919855,4.7741118,788,30,821.5,15.5,93.65,91.34,-155.92,-1.18,1.45,-0.03,-0.08,242,238.8,972.2,95,150,6.86,300.3,713
10:02:52,50.4917804,4.7735374,787,30,820.9,15.5,94.68,91.48,-150.92,-0.07,2.43,-0.02,0.06,243.8,238.9,971.6,96,150,9.64,305.2,712
10:02:53,50.4915708,4.7729574,785,30,818.8,15.5,94.6,91.44,-133.83,-0.07,-1.15,0.01,-0.02,243,239.4,969.5,96,150,7.74,297.7,710
10:02:54,50.4913687,4.7723781,783,30,817.9,15.5,96.33,91.26,-118.18,0.27,1.66,0,-0.07,243.3,239.5,968.6,98,150,9.39,290.1,708
10:02:55,50.4911663,4.7718002,782,30,816.1,15.5,96.42,90.99,-110.89,0.55,0.74,0.01,-0.02,243.4,239.5,966.8,98,150,9.74,289.3,707
10:02:56,50.4909623,4.771217,780,30,814.2,15.5,96.63,90.7,-106.8,-0.16,0.22,0.02,-0.07,243.8,239.8,965,98,150,10.25,288.4,705
10:02:57,50.4907702,4.7706464,781,30,814.1,15.5,96.63,90.52,-97.08,0.12,0.51,0.01,-0.04,242.8,240.1,964.8,98,150,8.93,276.5,706
10:02:58,50.4905674,4.7700657,781,30,815.9,15.5,93.91,90.51,-73.48,-0.7,-4.04,0.01,-0.05,242,240.1,966.6,95,150,5.86,278.9,706
10:02:59,50.4903693,4.769492,782,30,815.1,15.5,93.99,90.76,-41.81,-0.52,-2.82,-0.01,0.03,240.8,239.4,965.8,95,150,5.33,272.9,707
10:03:00,50.4901591,4.7689181,781,30,813.2,15.5,93.34,91.11,-18.33,-0.14,1.07,-0.04,0.12,239.6,238.6,963.9,95,150,4.16,272.3,706
10:03:01,50.4899453,4.7683434,779,30,810.5,15.5,93.14,91.5,-24.74,-0.41,0.76,-0.01,0.13,239.9,238.4,961.3,94,150,4.18,286,704
10:03:02,50.4897317,4.7677663,775,30,808.6,15.5,93.77,91.89,-54.33,-0.51,0.64,-0.02,0.13,240.4,238.4,959.3,95,150,4.93,290.7,700
10:03:03,50.4895219,4.7671863,774,30,808.2,15.5,94.78,92.12,-93.29,0.45,1.3,-0.01,0.07,240.3,238.6,959,96,150,5.2,281,699
10:03:04,50.4893081,4.7666059,773,30,807.6,15.5,94.23,92.14,-108.01,0.31,2.29,-0.01,-0.17,240.9,238.7,958.3,96,150,5.38,292.2,698
10:03:05,50.4891024,4.7660261,773,30,809.8,15.5,96.28,91.89,-97.62,1.64,7.7,0.01,-0.03,242.7,239,960.5,98,150,8.73,291.4,698
10:03:06,50.4889043,4.7654389,776,30,813.8,15.5,94.81,91.17,-58.27,2.6,20.01,-0.06,0.1,244.3,240.7,964.6,96,150,8.03,296,701
10:03:07,50.4887323,4.7648365,779,30,817.3,15.5,95.68,90.1,6.48,3.37,24.88,-0.01,0.15,249.1,244.2,968,97,150,10.96,299.2,704
10:03:08,50.4886037,4.764237,782,30,819.4,15.8,94.36,88.72,65.87,4.35,27.29,-0.01,0.11,253.5,249.5,970.1,96,150,9.81,297.9,707
10:03:09,50.4885152,4.7636219,785,30,822.7,15.8,92.95,87.26,112.24,3.7,28.65,-0.03,0.1,259.5,255.5,973.4,94,150,9.84,303.8,710
10:03:10,50.4884681,4.762996,789,30,825.6,15.8,91.99,86.13,149.48,3.8,27.4,-0.03,0.4,266.8,261.8,976.4,93,150,11.02,315.4,714
10:03:11,50.488472,4.7623853,794,30,832.9,15.8,91.94,85.12,181.61,5.45,22.74,-0.02,0.34,272.3,268.9,983.6,93,150,10.02,307.8,719
10:03:12,50.4885129,4.7617846,803,30,846,15.8,91.08,83.57,229.36,9.17,20.5,-0.01,0.3,276.9,275.1,996.7,92,150,9.44,298,728
10:03:13,50.4885955,4.7612093,818,30,864.8,15.8,90.29,81.21,333.18,10.89,21.15,-0.02,0.21,281.6,280.7,1015.5,92,150,10.58,292.8,743
10:03:14,50.4887049,4.7606654,840,30,888.5,15.8,87.33,78.67,520.36,11.62,21.88,-0.03,0.17,285.5,286.3,1039.2,89,150,10.04,283.8,765
10:03:15,50.4888437,4.7601591,863,30,911.3,15.8,83.99,76.45,766.72,11.2,26.69,-0.05,0.03,290.3,291.7,1062,85,150,9.03,283.4,788
10:03:16,50.4890173,4.7596871,886,30,932.5,15.8,82.96,74.66,1002.42,11.03,24.47,-0.07,0.25,297,297.6,1083.2,84,150,9.69,296.3,811
10:03:17,50.4892138,4.7592574,909,30,954.1,16,80.69,73.17,1168.46,10.63,22.28,0.01,0.17,302,304.1,1104.8,82,150,9.23,289.9,834
10:03:18,50.4894334,4.7588669,931,30,974.9,16,78.39,72.19,1265.9,9.76,23.91,-0.1,-0.12,304.7,310.2,1125.6,80,150,10.22,267,856
10:03:19,50.4896746,4.7585104,950,30,990.9,16,77.53,71.59,1300.14,8.75,24.2,-0.02,0.07,311.8,315,1141.6,79,150,8.22,288.2,875
10:03:20,50.4899337,4.7581936,966,30,1006.5,16,77.64,71.42,1256.07,7.12,24.48,-0.03,-0.05,318.5,320.9,1157.2,79,150,8.11,302,891
10:03:21,50.4902152,4.7579224,981,30,1020.2,16,74.88,71.57,1166.16,7.82,22.35,-0.03,0.14,323.7,326.6,1170.9,76,150,5.7,292.4,906
10:03:22,50.4905178,4.7576937,996,30,1032.9,16,72.36,71.9,1071.53,8.69,21.79,-0.01,-0.23,325.9,332.4,1183.6,74,150,7.95,254.1,921
10:03:23,50.4908319,4.7575076,1007,30,1043,16,73.31,72.33,979.98,9.13,26.76,-0.11,0.01,329.5,337.5,1193.7,75,150,10.12,258.8,932
10:03:24,50.4911538,4.7573621,1018,30,1050.9,16,72.57,72.82,879.57,6.19,25.71,-0.02,0.02,339.3,342.7,1201.6,74,150,4.1,268.8,943
10:03:25,50.4914894,4.7572765,1024,30,1055.4,16,70.72,73.96,768.92,7.84,25.73,-0.07,0.12,342.9,349.1,1206.1,72,150,7.78,243.6,949
10:03:26,50.491838,4.7572475,1029,30,1062.5,16,72.15,75.25,638.57,7.47,26.83,-0.02,0,348.4,355.4,1213.2,74,150,8.84,252.7,954
10:03:27,50.492196,4.7572791,1035,30,1069.1,16,73.47,76.41,517.74,7.64,27.48,-0.06,0.08,355.4,1.7,1219.8,75,150,8.04,259.4,960
10:03:28,50.4925472,4.7573722,1041,30,1076,16,73.62,77.42,433.09,6.76,26.43,-0.03,0.09,3.1,7.9,1226.7,75,150,6.42,255.7,966
10:03:29,50.4928963,4.7575305,1049,30,1083,16,72.4,78.75,397.7,6.27,25.89,-0.04,0.01,7.3,14.4,1233.7,74,150,10.3,254.1,974
10:03:30,50.4932409,4.7577417,1054,30,1087.4,16,72.4,80.09,392.42,5.94,25.25,-0.03,0.07,12.9,19.7,1238.2,74,150,10.7,252.4,979
10:03:31,50.4935802,4.7580095,1058,30,1090.5,15.8,73,81.52,372.48,5.99,25.86,-0.04,0.13,19.1,25.3,1241.2,74,150,10.7,252.6,983
10:03:32,50.4939033,4.758334,1062,30,1094.8,15.8,73.56,83.06,327.39,4.88,26.05,-0.03,0.05,25.1,31,1245.4,75,150,11.06,253.2,987
10:03:33,50.4942113,4.758712,1066,30,1098,15.8,74.37,84.62,287.6,4.9,26.72,-0.03,0.07,31.9,36.4,1248.7,76,150,10.5,249.2,991
10:03:34,50.4944998,4.7591428,1068,30,1099.8,15.8,74.11,86.09,252.1,4.95,26.59,-0.05,0.05,37.5,42,1250.5,76,150,12.07,251,993
10:03:35,50.4947694,4.7596215,1070,30,1101.8,15.8,73.84,87.59,214.97,3.57,22.98,-0.01,-0.03,43,47.2,1252.5,75,150,13.49,251.3,995
10:03:36,50.4950119,4.7601406,1071,30,1100.3,15.8,74.77,89.03,174.16,3.54,24.83,-0.05,0.03,48.1,51.8,1250.9,76,150,13.67,252.6,996
10:03:37,50.4952392,4.7606989,1070,30,1098.9,15.8,76.31,90.62,118.81,2.27,19.58,-0.02,0.06,54.3,56.4,1249.5,78,150,13.08,248.6,995
10:03:38,50.4954361,4.761291,1068,30,1098.1,15.8,77.08,92.2,52.55,2.18,10.06,0,0.04,57.4,60.3,1248.8,79,150,14.17,256.8,993
10:03:39,50.495628,4.7619085,1067,30,1097.7,15.8,78.2,93.44,-3.01,2.09,1.68,0,0.07,58.5,62.6,1248.3,80,150,14.88,265,992
10:03:40,50.4958127,4.7625219,1067,30,1098.4,15.5,78.64,94.45,-28.73,1.82,-2.58,-0.02,0.04,57,63.1,1249,80,150,16.75,273.5,992
10:03:41,50.4960039,4.7631449,1067,30,1098.8,15.5,78.95,95.29,-34.29,1.88,-0.41,-0.02,-0.05,56,62.5,1249.5,80,150,17.59,273.8,992
10:03:42,50.4961986,4.7637682,1066,30,1097.7,15.5,80.41,96.01,-34.09,1.83,2.5,-0.04,-0.01,55.6,62.1,1248.3,82,150,16.98,275.1,991
10:03:43,50.496397,4.764396,1066,30,1098.1,15.5,81.36,96.71,-36.04,1.81,3.52,-0.02,-0.02,56.6,62.2,1248.8,83,150,16.1,272.4,991
10:03:44,50.4965956,4.7650332,1067,30,1098.1,15.5,81.65,97.46,-27.69,1.86,2.89,-0.03,0.02,56.9,62.5,1248.8,83,150,16.48,271.7,992
10:03:45,50.4967899,4.7656758,1066,30,1097.5,15.5,81.87,98.24,-18.29,1.48,3.45,-0.01,0.01,58.9,62.8,1248.1,83,150,15.86,263.7,991
10:03:46,50.4969807,4.7663284,1066,30,1097.4,15.5,82.86,99.1,-15.29,1.02,3.9,-0.02,-0.03,58.9,63.4,1248.1,84,150,16.11,267.6,991
10:03:47,50.4971787,4.7669868,1065,30,1096.4,15.5,83.25,99.95,-22.37,1.25,2.82,-0.01,0.04,60.1,63.8,1247,85,150,16.1,263.7,990
10:03:48,50.4973659,4.7676562,1064,30,1095.5,15.5,83.95,100.71,-38.02,1.76,3.14,-0.02,0.03,60.3,64.3,1246.2,86,150,16.28,265.5,989
10:03:49,50.4975561,4.7683281,1063,30,1095.9,15.2,84.54,101.31,-50.72,1.98,2.66,-0.02,0.02,60.6,64.7,1246.5,86,150,16.37,266.5,988
10:03:50,50.4977448,4.7690119,1063,30,1097.7,15.2,85.49,101.78,-53.73,1.37,2.94,-0.02,-0.02,61.1,65.1,1248.4,87,150,15.85,267.2,988
10:03:51,50.497922,4.7696873,1064,30,1098.2,15.2,85.78,102.3,-35.39,0.82,1.89,-0.02,-0.03,61.2,65.4,1248.9,87,150,16.21,268.2,989
10:03:52,50.4981119,4.7703863,1064,30,1097.1,15.2,86.35,102.91,-16.76,0.15,1.43,-0.01,-0.08,61.8,65.6,1247.7,88,150,16,266.7,989
10:03:53,50.498296,4.7710695,1062,30,1094,15.2,87.28,103.74,-15.29,-0.85,-0.14,-0.01,-0.07,61.7,65.7,1244.6,89,150,16.07,268.2,987
10:03:54,50.4984841,4.771774,1058,30,1088.7,15.2,88.05,104.46,-52.68,-0.69,0.21,-0.01,0.05,61.5,65.5,1239.3,90,150,16.09,268.6,983
10:03:55,50.4986702,4.7724751,1052,30,1083.2,15.2,88.74,105.28,-117.34,-1.05,1.42,-0.03,0,61.1,65.6,1233.9,90,150,16.48,270.4,977
10:03:56,50.4988611,4.7731831,1046,30,1077.7,15.2,89.2,105.98,-195.06,-0.75,2.58,0,0.03,62.8,65.5,1228.4,91,150,15.67,261,971
10:03:57,50.4990477,4.7738985,1041,30,1073.3,15.2,89.56,106.74,-256.72,0.03,8.06,-0.01,0,62.3,66,1224,91,150,16.59,266.5,966
10:03:58,50.4992303,4.7746208,1037,30,1070.3,15.2,89.7,107.01,-290.92,0.74,16.55,-0.04,0.03,64.1,67.3,1221,91,150,16.45,265.1,962
10:03:59,50.4993899,4.7753601,1034,30,1067.8,15.2,90.28,106.97,-289.85,0.85,24.35,-0.04,0.11,69.1,69.9,1218.4,92,150,15.08,254.3,959
10:04:00,50.4995048,4.7761063,1031,30,1064.8,15.2,90.49,106.83,-260.98,1.66,33.53,-0.05,0.15,74.6,74.3,1215.4,92,150,14.76,251.9,956
10:04:01,50.4995776,4.7768722,1029,30,1062.7,15.2,89.72,106.7,-224.74,1.55,38.13,-0.03,0.17,83.4,80.4,1213.4,91,150,16.43,242.9,954
10:04:02,50.4995812,4.7776516,1027,30,1060,15.2,89.61,106.5,-189.28,0.22,39.19,-0.02,0.13,92,87.6,1210.6,91,150,17.31,243.7,952
10:04:03,50.4995312,4.7784124,1023,30,1053.8,15.2,89.93,106.19,-171.6,-0.07,39.81,0,0.33,101.1,94.7,1204.5,92,150,18.74,241,948
10:04:04,50.4994084,4.7791557,1016,30,1045.4,15.2,90.2,105.67,-195.26,-0.27,39.78,-0.01,0.23,109.9,102.7,1196.1,92,150,19.03,244.8,941
10:04:05,50.4992246,4.7798589,1009,30,1037.7,15.2,90.45,105.1,-256.31,-0.91,39.19,-0.02,0.21,118.7,110.9,1188.4,92,150,19.1,249.7,934
10:04:06,50.4989765,4.7805131,1001,30,1029.3,15.2,89.78,104.6,-326.63,-1.88,35.17,0,0.27,127,118.8,1180,91,150,19.66,257,926
10:04:07,50.4986826,4.7811108,992,30,1019.3,15.2,90.33,104.03,-392.97,-1.75,35.79,-0.01,0.29,134.8,126.1,1169.9,92,150,19.56,260.5,917
10:04:08,50.4983401,4.7816466,980,30,1009,15,91.39,103.47,-460.49,-2.24,38.11,-0.02,0.14,142.3,133.6,1159.6,93,150,18.7,263.9,905
10:04:09,50.497964,4.7820876,971,30,998,15,90.5,102.73,-521.69,-1.92,40.58,-0.02,0.14,150.6,141.5,1148.7,92,150,19.27,271.5,896
10:04:10,50.4975496,4.7824377,960,30,987,15,90.42,101.84,-567.31,-1.53,44.89,-0.03,0.3,161.7,150.1,1137.7,92,150,22.48,273.8,885
10:04:11,50.4971043,4.7826723,949,30,974.8,15,90.54,100.4,-603.72,-3,48.28,-0.03,0.2,172.7,159.8,1125.5,92,150,23.59,278.7,874
10:04:12,50.4966581,4.7827816,935,30,956.8,15,90.65,98.98,-639.23,-4.6,43.33,-0.01,0.27,183.2,169.5,1107.5,92,150,24.29,284.4,860
10:04:13,50.4962038,4.7827684,916,30,936.3,15,93.81,97.48,-718.63,-4.21,44.56,-0.01,0.44,194.8,179.4,1086.9,95,150,26.37,283.6,841
10:04:14,50.4957704,4.7826298,895,30,916,15,94.66,95.85,-853,-4.75,42.15,0,0.33,204.2,190.3,1066.6,96,150,23.73,288.4,820
10:04:15,50.4953589,4.7823684,874,30,894.2,15,95.74,94.47,-990.93,-4.99,44.21,-0.01,0.35,214.4,200.6,1044.8,97,150,23.58,292.8,799
10:04:16,50.495,4.7820059,853,30,872.3,15,96.33,93.29,-1106.33,-6.08,43.93,-0.02,0.28,223.8,211.1,1023,98,150,22.09,297.8,778
10:04:17,50.494691,4.7815474,829,30,847.8,15,97.44,92.47,-1200.66,-7.11,38.68,0.02,0.23,233.4,221.4,998.4,99,150,21.39,302.1,754
10:04:18,50.4944316,4.7810144,803,30,821.6,15,99.34,92.37,-1296.4,-6.82,24.33,0.02,0.28,241,230.8,972.2,101,150,19.61,302.8,728
10:04:19,50.4942117,4.780432,778,30,799.4,15,99.55,93.07,-1385.63,-5.34,4.55,0.05,0.31,245.1,237.3,950,101,150,15.73,303.6,703
10:04:20,50.4940041,4.7798359,758,30,782.4,15,99.68,93.91,-1423.36,-3.93,-2.99,0.02,0.24,244.5,239.8,933,101,150,11.01,294.3,683
10:04:21,50.4937944,4.7792339,742,30,770.2,15,100.97,94.37,-1376.73,-2.25,-1,0.01,0.13,243.8,240,920.8,102,150,10.62,286.3,667
10:04:22,50.4935846,4.7786341,731,30,763.3,15,99.84,94.14,-1244.53,-0.43,0.69,-0.02,0.22,243.9,240,913.9,101,150,10.01,290.2,656
10:04:23,50.4933826,4.7780379,727,30,761.7,15,98.33,93.48,-1030.38,-0.23,-2.38,0.01,0.03,245.1,240.1,912.4,100,150,10.82,300.4,652
10:04:24,50.4931805,4.7774469,726,30,759.6,15,96.93,92.64,-767.12,-0.35,-2.24,0,0.04,244.7,239.9,910.3,98,150,10.01,301,651
10:04:25,50.4929782,4.7768628,724,30,757.6,15,96.34,91.96,-522.51,-0.49,-1.09,-0.01,-0.14,244.1,239.5,908.3,98,150,9.81,299.2,649
10:04:26,50.4927686,4.7762864,722,30,754.2,15,95.92,91.21,-346.27,-0.69,-1.23,0.01,0.02,242.9,239.4,904.8,97,150,8.63,290,647
10:04:27,50.4925618,4.7757097,719,30,751.5,15.2,93.75,90.74,-238.52,-1.27,1,-0.02,-0.08,243.2,239.2,902.2,95,150,8.17,302.4,644
10:04:28,50.4923602,4.7751404,716,30,747.1,15.2,93.27,90.33,-187,-0.6,0.33,0.04,-0.09,245.1,239.1,897.8,94,150,11.03,312.2,641
10:04:29,50.492157,4.7745667,712,30,743.4,15.2,93.65,89.83,-180.24,-0.8,-1.29,0,-0.2,244,239.5,894.1,95,150,9.22,300.9,637
10:04:30,50.4919602,4.7740065,709,30,740.6,15.2,94.04,89.3,-190.55,-0.52,-0.14,0.02,-0.04,245,239.1,891.3,95,150,11.52,303.1,634
10:04:31,50.4917581,4.773444,705,30,736.3,15.2,92.59,88.83,-198.89,-0.15,0.38,0.01,0.01,244.4,239.3,886.9,94,150,9.93,304.1,630
10:04:32,50.4915596,4.7728834,702,30,733.4,15.2,92.94,88.35,-208.72,0.03,-1.01,-0.01,0.02,243.6,239.3,884.1,94,150,9.37,295.7,627
10:04:33,50.4913635,4.7723232,700,30,731.3,15.2,90.77,87.92,-208.13,0.01,0.05,-0.03,0,242.6,239.2,882,92,150,7.09,298.9,625
10:04:34,50.491163,4.7717732,698,30,731.2,15.2,90.16,87.55,-184.41,1.14,1.76,0,0.06,242.5,239.3,881.9,91,150,6.65,298.7,623
10:04:35,50.4909724,4.7712231,698,30,732.1,15.2,91.99,86.83,-156.41,1.85,0.67,0.05,0.01,244.1,239.5,882.9,93,150,9.89,294.1,623
10:04:36,50.4907822,4.7706761,699,30,732.1,15.5,90.43,85.9,-109.49,1.12,-1.68,-0.03,-0.02,242.3,239.8,882.8,92,150,7.2,281,624
10:04:37,50.4905902,4.770132,700,30,732.4,15.5,87.51,85.32,-54.79,0.97,0.26,-0.01,-0.07,241.9,239.3,883.1,89,150,5.46,295.3,625
10:04:38,50.4903962,4.769595,699,30,729.3,15.5,86.29,85.16,-16.95,0.97,-0.3,-0.01,0.08,242.3,239.2,880,87,150,5.7,309.7,624
10:04:39,50.4901982,4.7690588,698,30,728.2,15.5,86.37,85.3,-19.73,1.2,-0.6,-0.03,0.16,242.9,238.8,878.9,87,150,7.01,314.7,623
10:04:40,50.4900029,4.7685203,697,30,729.3,15.5,87.63,85.45,-36.72,0.76,1.78,-0.02,0.02,241.7,238.6,880,89,150,6.21,300.2,622
10:04:41,50.4898085,4.7679813,699,30,731.9,15.5,85.7,85.63,-35.35,0.65,0.41,-0.01,-0.15,240.3,238.7,882.6,87,150,3.16,310.1,624
10:04:42,50.4896144,4.7674446,699,30,731.8,15.5,89.71,85.67,-10.62,1.67,3.34,0,0.04,242.1,238.6,882.5,91,150,7.81,290.6,624
10:04:43,50.489424,4.7669032,699,30,732.9,15.5,89.13,85.43,4.87,2.49,6.75,0,0.01,241.4,239.3,883.6,90,150,6.04,279.2,624
10:04:44,50.4892371,4.7663557,701,30,735.9,15.5,89.86,85.22,14.2,4.13,18.01,-0.04,0.07,243.2,240.7,886.6,91,150,7.24,280.8,626
10:04:45,50.4890789,4.7657977,706,30,742.2,15.5,90.37,84.77,43.77,4.34,22.37,-0.07,0.11,247.5,244.2,892.9,92,150,8.75,287.1,631
10:04:46,50.4889472,4.7652195,713,30,751,15.5,89.59,84.46,115.96,4.05,18.87,-0.01,0.03,251.6,248.7,901.7,91,150,7.99,290.1,638
10:04:47,50.4888384,4.7646328,720,30,757.9,15.5,90.48,84.21,210.28,4.95,18.03,-0.05,0.11,254.8,252.5,908.6,92,150,8.45,283.6,645
10:04:48,50.48876,4.7640386,727,30,764.3,15.5,88.89,83.7,292.95,6.47,19.27,-0.04,0.19,259.8,256.6,915,90,150,8.23,299.6,652
10:04:49,50.4887129,4.763444,734,30,776.9,15.8,89.43,82.75,351.12,7.91,20.39,-0.03,0.12,264,261.5,927.6,91,150,8.94,292.5,659
10:04:50,50.4886998,4.7628555,749,30,793.4,15.8,88.6,81.29,420.26,9.23,22.76,-0.04,0.12,267.8,266.4,944.1,90,150,8.91,285.9,674
10:04:51,50.4887212,4.7622783,765,30,810.5,15.8,87.54,79.81,546.38,8.68,24.58,-0.03,0.05,272.8,271.5,961.2,89,150,9.25,288.2,690
10:04:52,50.4887769,4.7617137,783,30,827,15.8,86.34,78.73,697.97,9.27,24.42,-0.03,0.08,277.3,277.2,977.7,88,150,8.89,283.4,708
10:04:53,50.4888671,4.7611694,799,30,843.1,15.8,85.93,77.71,822.55,9.39,25.86,-0.03,0.05,282.3,283.1,993.8,87,150,9.51,280.8,724
10:04:54,50.4889953,4.760648,816,30,860.4,15.8,85.72,76.8,906.09,8.38,26,-0.04,-0.03,289.1,289.2,1011.1,87,150,10.23,293.4,741
10:04:55,50.489154,4.7601554,833,30,875.9,15.8,85.83,76.16,960.93,8.99,27.99,-0.01,0.14,296.5,295.2,1026.6,87,150,11.21,309.1,758
10:04:56,50.4893471,4.7597011,848,30,890.4,15.8,83,75.58,983.01,9.35,27.96,-0.02,0.11,300.9,302.3,1041.1,84,150,8.86,293.7,773
10:04:57,50.4895747,4.7592868,863,30,904.5,15.8,81.35,75.23,966,8.04,31.25,-0.06,-0.06,308.4,309.2,1055.2,83,150,7.46,305.7,788
10:04:58,50.4898321,4.7589192,876,30,917,15.8,81.99,75.42,931.8,6.44,27.24,0.01,0.11,316.5,316.1,1067.7,83,150,7.98,325.9,801
10:04:59,50.4901203,4.7586063,890,30,929,15.8,80.56,75.95,894.53,9.24,26.43,-0.04,0.19,320,323.7,1079.7,82,150,7.55,285.7,815
10:05:00,50.4904351,4.7583475,902,30,943.6,15.8,80.1,76.32,847.84,7.94,26.44,-0.01,0.09,327.3,330.5,1094.4,81,150,6.5,292.9,827
10:05:01,50.4907651,4.7581435,918,30,959.3,15.8,78.73,76.84,816.33,8.76,25.07,-0.01,0.1,333.2,337,1110,80,150,5.83,280.6,843
10:05:02,50.4911123,4.7579967,934,30,973.1,16,76.47,77.42,831.4,9.39,24.6,0,0.11,340.1,343.2,1123.8,78,150,3.72,259.2,859
10:05:03,50.4914682,4.7579096,949,30,988.4,16,76.15,77.99,865.21,8.95,26.2,0.01,-0.08,346.3,349.5,1139.1,78,150,4.05,252.8,874
10:05:04,50.4918349,4.7578828,964,30,1001.7,16,75.41,78.55,897.08,9.25,27.73,-0.02,0.2,352.9,355.7,1152.4,77,150,3.74,237.7,889
10:05:05,50.4921971,4.7579222,978,30,1016.5,16,76.45,79.31,898.29,6.2,27.7,0.02,0.02,1.6,2.5,1167.2,78,150,1.64,209.8,903
10:05:06,50.4925633,4.7580363,992,30,1030.4,15.8,76.73,80.63,879.32,7.5,25.59,0.01,0.04,5.7,9.6,1181.1,78,150,5.55,252.9,917
10:05:07,50.4929248,4.758219,1004,30,1042.6,15.8,76.1,81.97,851.98,8.23,29.11,-0.01,0.02,11.3,16.1,1193.3,78,150,7.66,250.2,929
10:05:08,50.4932757,4.758463,1016,30,1052.8,15.8,75.52,83.12,813.03,7.62,29.54,0,0.1,19,22.3,1203.5,77,150,7.45,236.5,941
10:05:09,50.4936143,4.7587771,1025,30,1060.8,15.8,75.98,84.52,761.9,7.2,30.42,-0.01,0.11,26.6,29,1211.5,77,150,7.67,232.2,950
10:05:10,50.4939336,4.7591583,1033,30,1067.1,15.8,75.9,85.96,693.53,6.24,27.41,0.01,0.14,34.1,36,1217.8,77,150,8.87,231,958
10:05:11,50.4942253,4.7596009,1042,30,1075,15.8,75.73,87.51,620.6,6.1,29.11,0,0.15,41,42.5,1225.7,77,150,10.46,233.4,967
10:05:12,50.4944827,4.7600993,1049,30,1083,15.8,76.81,89.07,560.46,5.68,29.32,-0.02,0.09,48.1,49.1,1233.7,78,150,10.81,236,974
10:05:13,50.4947135,4.7606498,1057,30,1089.8,15.8,77.38,90.62,515.23,4.05,22.31,0.01,0.02,54.1,55.2,1240.5,79,150,11.78,241.7,982
10:05:14,50.4949175,4.7612383,1063,30,1095,15.8,78.21,92.25,483.51,3.64,10.01,0.02,-0.03,57,59.9,1245.7,80,150,13.08,257.1,988
10:05:15,50.4951094,4.7618545,1068,30,1099.2,15.8,79.82,93.58,437.46,3.71,0.53,0.02,-0.04,58.2,62.2,1249.9,81,150,13.4,266.6,993
10:05:16,50.4952978,4.7624675,1071,30,1102.8,15.8,80.76,94.63,381.12,3,-0.35,0.02,-0.08,58.2,62.8,1253.5,82,150,13.91,270.4,996
10:05:17,50.4954887,4.763094,1074,30,1104.4,15.8,80.83,95.68,318.51,2.66,1.44,-0.01,-0.01,57.8,62.9,1255.1,82,150,15.22,271.6,999
10:05:18,50.4956798,4.7637299,1073,30,1104.3,15.8,81.57,96.84,239.79,2.44,1.99,0,0.01,58.5,62.9,1255,83,150,15.12,267.7,998
10:05:19,50.4958704,4.7643726,1074,30,1104.7,15.5,82.4,98.07,156.5,2.42,0.71,-0.01,0.06,58.3,63.1,1255.4,84,150,15.78,269.5,999
10:05:20,50.4960727,4.765023,1073,30,1105.6,15.5,83.58,99.17,87.91,2.56,0.12,-0.01,0.03,58.3,63.1,1256.3,85,150,15.72,269.8,998
10:05:21,50.4962675,4.7656791,1074,30,1107.3,15.5,84.39,100.15,45.74,2.58,1.38,-0.02,0.02,58,62.8,1258,86,150,15.89,269.7,999
10:05:22,50.4964705,4.766341,1076,30,1110,15.5,84.77,100.83,35,2.37,2.43,-0.01,0.02,58.8,63,1260.7,86,150,15.71,266.3,1001
10:05:23,50.4966718,4.7670029,1078,30,1112,15.5,85.42,101.29,47.45,1.98,3.56,-0.01,-0.03,59.7,63.3,1262.7,87,150,15.18,264,1003
10:05:24,50.4968668,4.7676762,1080,30,1113.7,15.5,86.08,101.78,65.44,1.47,2.91,0.01,-0.05,60.8,63.8,1264.4,88,150,14.71,261.8,1005
10:05:25,50.4970566,4.7683528,1081,30,1113.8,15.5,86.33,102.36,77.48,0.91,0.59,0,-0.06,60.8,64.4,1264.5,88,150,15.36,265.3,1006
10:05:26,50.4972474,4.7690364,1080,30,1112.3,15.5,86.94,102.98,68.38,1.02,-1.41,0,0,60.7,64.5,1263,89,150,15.49,266.4,1005
10:05:27,50.4974461,4.769723,1079,30,1111.7,15.5,87.12,103.55,33.83,0.87,-3.67,0,-0.02,60.2,64.2,1262.4,89,150,16.04,267.2,1004
10:05:28,50.4976447,4.7704065,1078,30,1111,15.5,87.43,103.94,-3.45,0.65,-2.26,-0.01,0.01,59.2,63.6,1261.7,89,150,16.34,268.2,1003
10:05:29,50.4978551,4.7710914,1076,30,1109.7,15.5,87.8,104.42,-33.44,0.43,-0.22,0,0,59,63,1260.4,89,150,16.21,265.8,1001
10:05:30,50.4980648,4.7717795,1075,30,1108.2,15.5,88.14,104.93,-58.72,0.63,0.26,-0.01,-0.01,58.7,63,1258.9,90,150,16.52,266.7,1000
10:05:31,50.4982709,4.7724697,1073,30,1107.4,15.5,88.8,105.4,-71.46,0.75,0.49,-0.01,-0.02,58.4,62.9,1258.2,91,150,16.5,268,998
10:05:32,50.4984808,4.7731622,1072,30,1105.7,15.5,89.28,105.78,-80.82,0.8,0.59,0,0.04,58.9,62.9,1256.4,91,150,16.07,265.7,997
10:05:33,50.4986952,4.7738599,1070,30,1104,15.5,89.24,106.15,-88.95,0.73,0.42,-0.01,-0.06,59.1,63,1254.7,91,150,16.4,264.9,995
10:05:34,50.4989042,4.7745554,1069,30,1103.1,15.5,89.07,106.46,-94.8,1.85,7.7,-0.03,0.07,59.4,63.1,1253.7,91,150,16.77,263.6,994
10:05:35,50.4991058,4.7752607,1068,30,1102.9,15.5,89.53,106.7,-93.12,1.61,15.08,-0.02,0.08,61.2,64.1,1253.6,91,150,16.11,260.9,993
10:05:36,50.4992917,4.7759812,1067,30,1101.9,15.5,89.32,107.05,-86.15,1.76,20.21,-0.02,0.06,64.5,66.4,1252.6,91,150,16.26,257.5,992
10:05:37,50.4994461,4.7767206,1066,30,1101.8,15.5,89.84,107.49,-77.87,2.11,30.96,-0.05,0.21,69.5,70,1252.5,92,150,15.95,253.1,991
10:05:38,50.4995578,4.7774832,1066,30,1100.9,15.5,89.66,107.92,-67.58,2.59,39.57,-0.03,0.23,78.2,75.3,1251.6,91,150,17.46,240,991
10:05:39,50.4996108,4.7782646,1064,30,1099.2,15.5,90.35,108.25,-64.91,1.38,40.19,-0.01,0.16,87.1,82.6,1249.9,92,150,18.19,239.4,989
10:05:40,50.4995947,4.7790561,1062,30,1095.6,15.2,90.79,108.51,-74.02,0.62,42.29,-0.03,0.25,95.7,90.3,1246.3,93,150,18.79,243,987
10:05:41,50.49951,4.7798285,1057,30,1089.8,15.2,91.46,108.66,-104.31,0.08,40.08,0,0.36,105.6,98.2,1240.5,93,150,20.58,242.3,982
10:05:42,50.4993486,4.7805766,1052,30,1084.9,15.2,91.7,108.74,-157.84,0.56,39.4,-0.02,0.29,113.9,106.8,1235.6,93,150,20.13,251.5,977
10:05:43,50.4991268,4.7812824,1046,30,1080.2,15.2,91.93,108.58,-217.48,0.6,41.35,-0.03,0.32,122.8,114.7,1230.8,94,150,21.04,255.7,971
10:05:44,50.4988441,4.7819273,1041,30,1074.7,15.2,91.73,108.02,-262.66,0.65,41.92,-0.02,0.32,133.1,123,1225.4,93,150,23.46,258.1,966
10:05:45,50.4984998,4.7824944,1036,30,1071.9,15.2,92.47,107.03,-286.81,0.25,42.84,-0.02,0.26,143,131.7,1222.6,94,150,24.03,261.3,961
10:05:46,50.4981134,4.782962,1031,30,1065,15.2,94.43,105.63,-299.76,0.73,43.53,0.01,0.46,152.3,141,1215.7,96,150,22.57,263.2,956
10:05:47,50.4976937,4.7833089,1026,30,1059.9,15.2,93.62,104.13,-310.75,0.25,45.53,0,0.44,162.8,150.9,1210.6,95,150,23.11,271,951
10:05:48,50.4972418,4.7835301,1023,30,1055.8,15.2,93.65,102.67,-306.25,-0.92,48.78,-0.03,0.34,172.4,161.1,1206.4,95,150,21.38,278.5,948
10:05:49,50.4967716,4.7836251,1017,30,1048.7,15.2,94.49,101.57,-294.02,-2.67,50.03,-0.02,0.18,183.3,170.8,1199.4,96,150,22.6,282.6,942
10:05:50,50.4963012,4.783595,1004,30,1034.3,15.2,97.26,100.3,-326.74,-4.76,51.27,-0.02,0.27,193.8,180.7,1184.9,99,150,23.26,282.3,929
10:05:51,50.4958573,4.7834378,986,30,1010.3,15.2,99.59,99.1,-452.21,-6.35,51.8,-0.01,0.31,204.4,191.4,1161,101,150,23.27,284.4,911
10:05:52,50.4954435,4.7831462,961,30,981.1,15,100.54,98.24,-673.16,-9.03,50.43,0.01,0.31,215.5,202.6,1131.8,102,150,23.51,291.3,886
10:05:53,50.4950728,4.7827347,930,30,947,15,103.37,97.76,-960.4,-10.58,46.61,0.01,0.23,224.5,213.7,1097.7,105,150,20.97,290.8,855
10:05:54,50.4947508,4.7822192,892,30,906.4,15,105.09,98.28,-1293.06,-12.26,40.76,0,0.3,234.1,223.9,1057.1,107,150,20.51,296.8,817
10:05:55,50.4944844,4.7816411,852,30,863.5,15,106.77,99.64,-1641.4,-12.8,24.3,0,0.18,240.9,232.5,1014.2,108,150,18.03,299.9,777
10:05:56,50.4942504,4.7809986,809,30,823,15,110.98,101.88,-1961.82,-10.38,11.15,0.02,0.25,244.4,238.6,973.7,112,150,15.5,290.5,734
10:05:57,50.4940316,4.7803149,769,30,788.6,14.8,112.19,104.11,-2199.5,-8.96,-4.35,0.05,0.07,245.9,241.6,939.2,114,150,12.87,288.3,694
10:05:58,50.4938167,4.7796379,738,30,760.5,14.8,111.99,105.78,-2284.59,-8.45,-6.89,0,0.09,244.1,241.6,911.1,113,150,9.25,280.1,663
10:05:59,50.4935833,4.7789506,711,30,733.8,14.8,111.38,107.05,-2211.96,-8.15,-4.37,-0.01,0.02,242.2,240.7,884.5,113,150,6.57,274.7,636
10:06:00,50.4933413,4.7782593,684,30,709.3,14.8,111.96,108.02,-2052.54,-7.77,-3.93,-0.03,-0.03,242.4,239.7,859.9,113,150,7.84,291.7,609
10:06:01,50.4930963,4.7775704,660,30,686,14.8,113.49,108.7,-1878.04,-7.13,-4.63,0.04,-0.03,242.1,239,836.7,115,150,8.94,290.6,585
10:06:02,50.4928456,4.7768899,639,30,664.8,14.8,112.07,109.17,-1713.08,-6.01,3.37,-0.04,0.26,241.5,238.4,815.4,113,150,7.77,300.4,564
10:06:03,50.4925961,4.7761955,617,30,644.2,15,113.1,109.54,-1560.4,-5.84,5.87,0.03,0.09,242.7,238.6,794.8,114,150,9.76,303.8,542
10:06:04,50.4923513,4.7754963,598,30,626.6,15,112.3,109.5,-1437.09,-4.55,-1.02,0.07,0.06,244,239.7,777.2,113,150,9.93,310.7,523
10:06:05,50.4921141,4.7748047,583,30,613.1,15,110.49,109.26,-1315.21,-3.65,-1.93,-0.04,0.51,241.3,240.3,763.8,112,150,3.43,291.3,508
10:06:06,50.4918735,4.7741108,571,30,604.3,15,110.74,108.91,-1173.47,-1.45,-1.01,0.07,0.21,243.5,239.7,755,112,150,8.27,313.2,496
10:06:07,50.4916334,4.7734251,564,30,602.7,15,109.98,107.88,-1004.18,-0.49,0.85,0.01,0.1,243.8,239.8,753.4,111,150,8.85,313.1,489
10:06:08,50.4913964,4.7727425,563,30,602.1,15,107.45,106.78,-786.62,-1.32,-0.34,-0.07,-0.2,242.3,240,752.7,108,150,5.11,313.7,488
10:06:09,50.4911644,4.7720708,561,30,600.9,15.2,108.92,105.98,-558.75,-0.35,-2.01,0.04,0.11,243.6,239.8,751.6,110,150,8.75,306.7,486
10:06:10,50.4909295,4.7713949,561,30,601,15.2,106.58,105.22,-366.39,-0.82,-2.19,-0.01,-0.04,242.1,239.7,751.7,108,150,5.54,307.4,486
10:06:11,50.4906984,4.7707372,562,30,600.5,15.2,105.78,104.6,-213.6,-0.21,0.48,-0.04,-0.03,241.7,239.4,751.2,107,150,5.28,307.7,487
10:06:12,50.4904602,4.7700735,561,30,600.4,15.2,104,104,-116.58,0.31,2.25,0,0.13,241,239.3,751,105,150,3.83,316.5,486
10:06:13,50.4902336,4.769426,562,30,601.6,15.2,105.48,103.24,-58.44,0.08,0.26,0.03,-0.19,242.4,239.3,752.3,107,150,7.17,305.5,487
10:06:14,50.4900052,4.7687755,564,30,604.1,15.5,103.59,102.38,-18.21,0.01,0.05,-0.08,-0.01,240.2,239.6,754.8,105,150,2.83,279.2,489
10:06:15,50.4897753,4.7681302,566,30,605.4,15.5,103.99,101.64,24.81,-0.43,-0.2,-0.04,-0.01,240.8,239.1,756.1,105,150,4.97,288.8,491
10:06:16,50.4895472,4.7674919,567,30,605.9,15.5,102.43,101.2,61,0.03,-0.31,-0.02,0.02,239.3,239.2,756.6,103,150,2.41,261.3,492
10:06:17,50.4893185,4.7668562,567,30,606.6,15.5,102.1,100.73,67.11,0.08,-0.51,-0.03,0,238.8,239.1,757.3,103,150,2.4,241.9,492
10:06:18,50.4890894,4.7662247,569,30,609.1,15.5,103.71,100.09,63.47,1.41,1.27,-0.04,0.09,239.6,238.8,759.8,105,150,5.13,264.9,494
10:06:19,50.4888685,4.7655989,572,30,615.7,15.5,103.17,98.96,69.98,7.03,11.1,-0.05,0.66,239.7,239.1,766.4,104,150,5.49,257.2,497
10:06:20,50.4886717,4.7649794,584,30,637.4,15.8,100.23,95.89,124.53,14.37,21.21,-0.02,0.68,245.4,241.8,788.1,101,150,8.75,297.2,509
10:06:21,50.4885219,4.7643676,615,30,679.1,15.8,97.2,89.83,336.62,19.09,29.49,-0.05,0.37,252.9,248.1,829.8,98,150,11.87,296.7,540
10:06:22,50.488443,4.7637838,659,30,727.8,15.8,92.01,83.41,799.94,18.98,33.41,-0.01,0.1,261.6,255.9,878.5,93,150,13.43,304,584
10:06:23,50.4884164,4.7632179,708,30,773.4,16,87.41,78.63,1420.18,18.34,35.09,-0.01,0.04,269.4,263.9,924.1,89,150,13.06,308.7,633
10:06:24,50.488443,4.7626742,754,30,812.6,16,83.55,74.82,1974.12,16.58,34.88,0,0.11,276.7,272.3,963.2,85,150,11.87,309.4,679
10:06:25,50.4885148,4.7621699,790,30,846.1,16,82.2,72,2300.35,14.75,33.76,0,0,284.5,280.9,996.8,83,150,12.63,309.3,715
10:06:26,50.4886293,4.7616906,824,30,873.7,16.2,78.81,70.11,2388.09,14.28,32.24,-0.01,0.07,291.5,289.4,1024.4,80,150,10.42,309.6,749
10:06:27,50.4887876,4.7612604,849,30,896.9,16.2,76.08,68.75,2282.8,12.81,32.16,-0.03,0.02,298.8,298,1047.6,77,150,8.73,310.1,774
10:06:28,50.4889809,4.7608709,872,30,916.9,16.2,75.02,68.13,2062.8,10.4,31.75,-0.01,-0.01,307,306.4,1067.6,76,150,8.25,316.7,797
10:06:29,50.4892121,4.7605289,893,30,933.1,16.2,74.35,68.23,1817.23,9.81,24.01,0,0.06,313.5,314.6,1083.7,76,150,7.49,308.4,818
10:06:30,50.4894619,4.7602295,909,30,946.8,16.2,73.87,68.77,1568.71,8.2,14.3,0,-0.1,317.7,321.4,1097.5,75,150,7.68,288,834
10:06:31,50.48973,4.7599547,922,30,958.5,16.2,74.11,69.41,1338.39,7.83,5.56,-0.01,-0.02,321.3,325.3,1109.1,75,150,7.58,287.6,847
10:06:32,50.4900068,4.7596893,934,30,969.6,16.2,72.64,69.84,1126.95,7.61,1.21,0.04,-0.03,323.2,327,1120.3,74,150,6.03,279.8,859
10:06:33,50.4902839,4.7594323,945,30,982.1,16.2,73.9,70.15,956.74,7.95,1,0,0.02,321.7,327.8,1132.7,75,150,8.99,271.1,870
10:06:34,50.4905663,4.759176,958,30,994.5,16.2,74.38,70.25,840.34,8.4,2.56,0.02,-0.02,321.9,328.2,1145.2,76,150,9.43,272.5,883
10:06:35,50.4908487,4.7589265,971,30,1007,16.2,73.4,70.37,785.04,8.78,3.2,-0.01,-0.03,321.8,329.1,1157.7,75,150,9.92,263.6,896
10:06:36,50.4911358,4.7586826,983,30,1019.6,16.2,74.21,70.33,756.6,8.95,7.09,0,-0.05,323.3,330,1170.3,76,150,9.62,271.6,908
10:06:37,50.491429,4.7584554,996,30,1032.5,16.2,72.11,70.37,742.15,9.55,15.38,-0.05,-0.04,325.8,331.8,1183.2,74,150,7.82,264.3,921
10:06:38,50.4917278,4.7582546,1010,30,1046.2,16.2,71.58,70.7,746.54,7.95,26.91,-0.02,0.04,333.6,335.4,1196.8,73,150,2.94,297.1,935
10:06:39,50.4920489,4.7581115,1022,30,1058.6,16.2,71.71,71.92,762.89,9.72,30.38,0,0.13,340.1,342.6,1209.2,73,150,2.98,276.8,947
10:06:40,50.4923861,4.7580404,1034,30,1071.4,16.2,71.24,73.38,762.46,9.91,28.62,-0.01,0.13,347.2,350.7,1222.1,73,150,4.1,250.8,959
10:06:41,50.4927363,4.758039,1048,30,1084.4,16.2,71.45,74.8,758.48,9.29,26.63,0,0.11,355.6,358.3,1235.1,73,150,3.68,237,973
10:06:42,50.493081,4.7581057,1060,30,1096.2,16,71.11,76.16,756.11,9.26,25.08,-0.01,0.14,2.6,5.4,1246.9,73,150,4.83,227.5,985
10:06:43,50.4934319,4.7582364,1073,30,1108.4,16,71.63,77.46,755.94,8.44,23.13,0,0.04,8.9,11.8,1259.1,73,150,5.53,229.7,998
10:06:44,50.4937801,4.7584246,1084,30,1117.4,16,71.52,78.78,746.73,7.51,22.49,0.02,0,14.6,17.4,1268.1,73,150,6.68,227.7,1009
10:06:45,50.4941178,4.7586621,1093,30,1124.7,16,71.77,80.26,718.18,6.68,24.76,-0.01,-0.01,19.2,22.8,1275.3,73,150,8.25,234.6,1018
10:06:46,50.4944457,4.7589574,1099,30,1129.4,16,72.72,81.99,656.66,5.3,25.44,0,0.05,26.2,28.1,1280.1,74,150,8.05,224.2,1024
10:06:47,50.4947612,4.7593106,1103,30,1132.1,16,73.71,84.03,559.55,3.96,23.43,0.01,0.02,32.4,33.8,1282.8,75,150,8.9,224,1028
10:06:48,50.4950652,4.7597197,1105,30,1133.1,16,75.03,86.19,444.41,3.49,22.62,0.01,0.07,38.1,39.3,1283.8,77,150,9.66,227.2,1030
10:06:49,50.4953515,4.7601903,1106,30,1133.9,16,76.05,88.39,323.76,2.87,20.64,0.02,0.03,43.7,44.5,1284.6,78,150,10.79,229.9,1031
10:06:50,50.4956121,4.7606912,1106,30,1133.8,16,77.28,90.47,213.92,3.03,17.81,0.03,0.08,48.7,49.1,1284.5,79,150,11.59,231,1031
10:06:51,50.4958629,4.7612399,1106,30,1133.7,15.8,78.56,92.41,124.89,2.76,16.29,0.03,0.04,52.9,53.3,1284.4,80,150,12.23,235.2,1031
10:06:52,50.4960863,4.7618221,1106,30,1133.7,15.8,79.81,94.1,60.77,2.32,13.88,0.03,0.01,57,56.9,1284.4,81,150,12.68,235.9,1031
10:06:53,50.496301,4.7624396,1105,30,1133.5,15.8,81.06,95.81,19.57,1.03,5.77,0.03,-0.06,58.7,60,1284.2,83,150,13.18,247.3,1030
10:06:54,50.4965043,4.7630662,1103,30,1130.8,15.8,82.49,97.56,-10.37,0.41,-0.46,0.03,0,59.2,61.4,1281.5,84,150,13.73,254.8,1028
10:06:55,50.4967068,4.763711,1100,30,1127.6,15.8,84.19,99.31,-54.47,0.91,-0.76,-0.01,0.05,57.7,61.8,1278.3,86,150,14.72,265.7,1025
10:06:56,50.4969207,4.7643649,1095,30,1126.1,15.8,85.13,100.87,-112.94,0.73,-0.74,-0.01,0.01,57.5,61.5,1276.8,87,150,15.33,265.1,1020
10:06:57,50.4971345,4.7650247,1093,30,1124.8,15.5,86.77,102.25,-158.44,1.05,-1.04,0,0.06,57.3,61.2,1275.5,88,150,15.05,265,1018
10:06:58,50.4973524,4.7656915,1091,30,1125.4,15.5,87.71,103.47,-168.99,1.11,1.47,-0.02,-0.01,57.3,61,1276.1,89,150,15.17,263.3,1016
10:06:59,50.4975736,4.7663635,1091,30,1125.7,15.5,88.4,104.38,-154.47,0.87,1.99,0,-0.02,58.3,61.1,1276.3,90,150,14.88,258.2,1016
10:07:00,50.4977997,4.7670463,1091,30,1125.5,15.5,88.68,104.95,-117.2,0.56,2.12,0,-0.04,58.7,61.5,1276.2,90,150,15.13,258.4,1016
10:07:01,50.4980159,4.7677256,1091,30,1124.8,15.5,89.1,105.36,-75.41,0.45,2.1,0,0.01,59.3,61.8,1275.5,91,150,14.98,256.9,1016
10:07:02,50.4982293,4.768415,1090,30,1123.7,15.5,89.21,105.71,-50.57,0.44,1.1,0.01,0.06,59.4,62.3,1274.4,91,150,15.4,259.5,1015
10:07:03,50.4984431,4.7691084,1089,30,1123.2,15.5,90.08,106.06,-43.04,-0.1,2.59,0.01,-0.07,59.9,62.6,1273.9,92,150,14.8,259.3,1014
10:07:04,50.4986529,4.769806,1088,30,1121.9,15.5,89.79,106.41,-45.84,0.14,1.47,0.01,0,61,63,1272.6,92,150,15.13,254.7,1013
10:07:05,50.49886,4.770512,1086,30,1119.3,15.5,90.27,106.78,-58.6,-0.25,-0.33,0.01,0,61,63.4,1270,92,150,15.19,257.7,1011
10:07:06,50.4990681,4.7712128,1083,30,1116.4,15.5,90.54,107.16,-85.47,0,0.71,0,0.01,61.1,63.5,1267.1,92,150,15.29,257.5,1008
10:07:07,50.4992778,4.7719216,1081,30,1114.1,15.5,90.62,107.51,-117.82,0.02,2.26,0,-0.01,61.2,63.7,1264.8,92,150,15.59,258.2,1006
10:07:08,50.4994801,4.7726345,1078,30,1111.6,15.5,90.76,107.84,-139.06,-0.05,2.15,0,-0.01,61.6,64,1262.3,93,150,15.75,257.9,1003
10:07:09,50.4996859,4.773352,1075,30,1108.3,15.5,90.89,108.17,-156.59,-0.12,2.3,0.01,0,62.1,64.4,1259,93,150,15.92,257.7,1000
10:07:10,50.4998847,4.774074,1071,30,1104.8,15.5,90.98,108.51,-172.38,0.34,3.28,0,0.03,62.5,64.9,1255.5,93,150,16.2,258.6,996
10:07:11,50.5000784,4.7747989,1069,30,1103.3,15.5,91.41,108.84,-181.49,-0.25,2.03,-0.01,-0.08,63,65.4,1254,93,150,16.12,259.5,994
10:07:12,50.5002729,4.7755317,1067,30,1101.3,15.5,92.22,109.11,-174.34,0.77,13.66,-0.02,0.09,63.9,66.2,1251.9,94,150,15.5,259.5,992
10:07:13,50.5004425,4.7762559,1066,30,1100.5,15.5,92.73,109.26,-159.62,1.15,25.08,0.04,0.13,69.6,68.3,1251.2,94,150,15.02,240.2,991
10:07:14,50.5005742,4.7770218,1067,30,1100.8,15.5,93,109.4,-120.84,1.07,32.42,0.01,0.11,75.4,73,1251.5,95,150,15.4,237.9,992
10:07:15,50.500656,4.7778065,1065,30,1099.2,15.5,92.66,109.59,-87.03,0.11,37.83,0.02,0.21,83.7,79,1249.9,94,150,17.63,232.4,990
10:07:16,50.5006761,4.7786025,1063,30,1096.1,15.5,93.38,109.87,-74,-1,37.69,0.02,0.24,92.8,86.2,1246.8,95,150,19.23,231.1,988
10:07:17,50.5006274,4.7793982,1060,30,1091,15.5,93.03,110.14,-88.57,-1.4,36.53,0.03,0.25,101.5,93.9,1241.7,95,150,20.82,236.8,985
10:07:18,50.500514,4.7801758,1055,30,1084.8,15.5,93.55,110.29,-128.82,-1.13,32.04,0.04,0.26,109.4,101.3,1235.4,95,150,21.25,241.8,980
10:07:19,50.5003436,4.780928,1050,30,1078.8,15.5,93.78,110.16,-184.98,-1.23,33.41,0.03,0.15,116.4,108.3,1229.5,96,150,21.05,248,975
10:07:20,50.5001148,4.781644,1044,30,1074.4,15.5,93.93,109.83,-234.29,-1.43,36.2,-0.01,0.2,123.8,114.9,1225.1,96,150,21.67,251.7,969
10:07:21,50.4998352,4.782299,1037,30,1068.9,15.5,95.8,109.13,-286.51,-1.83,34.12,0.03,0.26,132.7,121.9,1219.5,98,150,23.03,249.1,962
10:07:22,50.4995091,4.7828935,1032,30,1063.2,15.2,94.66,108.37,-325.36,-1.99,36.13,0.02,0.09,139.3,129.3,1213.9,96,150,21.98,259,957
10:07:23,50.4991412,4.7834155,1025,30,1056,15.2,94.17,107.44,-345.65,-2.46,39.24,0.03,0.28,148,136.2,1206.7,96,150,24.43,262,950
10:07:24,50.4987339,4.7838488,1018,30,1046.4,15.2,94.85,106.31,-368.93,-3.46,41.88,0.03,0.19,157.1,144.3,1197.1,97,150,25.14,265.1,943
10:07:25,50.4982946,4.7841781,1005,30,1032.2,15.2,95.94,105.01,-417.95,-4.56,42.25,0.04,0.24,166.7,152.8,1182.9,98,150,26.21,267.8,930
10:07:26,50.4978293,4.7843933,990,30,1015.5,15.2,96.75,103.68,-517.17,-5.27,42.08,0.04,0.33,177,161.9,1166.2,98,150,27.52,272.1,915
10:07:27,50.4973667,4.7844818,973,30,996.4,15.2,97.87,102.46,-644.92,-6.28,39.27,0.06,0.3,185.2,171.4,1147,100,150,25.06,276.7,898
10:07:28,50.4968917,4.7844562,953,30,975.2,15.2,98.15,101.68,-789.5,-5.86,39.57,0,0.37,192.5,180.4,1125.9,100,150,21.95,283.1,878
10:07:29,50.4964316,4.7843187,930,30,953.2,15.2,99.63,101.33,-957.56,-7.1,37.33,0.05,0.29,201.6,189.2,1103.9,101,150,22.58,287.5,855
10:07:30,50.4959942,4.7840766,908,30,929.8,15.2,100.69,100.71,-1101.34,-6.93,37.34,0.03,0.22,209.5,198,1080.5,102,150,20.95,291.3,833
10:07:31,50.4955875,4.7837401,884,30,905.9,15.2,101.5,99.33,-1212.78,-7.88,38.43,0.07,0.25,220.3,206.4,1056.6,103,150,25.18,296.7,809
10:07:32,50.4952275,4.7833127,861,30,879.1,15.2,100.66,97.44,-1290.09,-7.75,40.26,-0.03,0.31,227.9,215.7,1029.8,102,150,22.24,301.4,786
10:07:33,50.4949243,4.7828057,834,30,852.3,15.2,101.91,96.03,-1359.23,-9.83,36.5,0.09,0.14,236.8,224.9,1003,103,150,22.51,303.8,759
10:07:34,50.4946752,4.7822356,806,30,822.2,15.2,101.22,95.33,-1437.87,-9.8,24.88,0.05,0.09,242.6,233.6,972.9,103,150,17.64,305.6,731
10:07:35,50.4944665,4.7816245,777,30,793.4,15.2,103.34,95.38,-1533.46,-8.26,10.89,0.06,0.14,246.9,240,944.1,105,150,15.62,298.7,702
10:07:36,50.4942811,4.7809958,749,30,768.1,15.2,103.03,95.7,-1614.96,-7.28,-2.35,0.07,0.18,248.2,243.5,918.9,104,150,12.3,292.9,674
10:07:37,50.4940982,4.7803604,725,30,746.4,15.2,102.14,96.05,-1638.77,-5.93,-10.06,0.03,0.19,247.3,244.1,897.2,103,150,9.63,287.6,650
10:07:38,50.4939062,4.7797304,704,30,727.6,15.2,101.87,96.12,-1595.14,-5.47,-11.13,0.03,0.16,245.4,242.9,878.3,103,150,8.54,281.3,629
10:07:39,50.4937006,4.7791151,685,30,710.7,15.2,100.72,96.05,-1500.19,-5.42,-9.93,0.04,0.01,243.9,241,861.4,102,150,8.04,287.6,610
10:07:40,50.4934944,4.7785072,669,30,695.1,15.2,101.36,95.7,-1372.75,-5.91,-6.45,-0.03,0.02,240.2,239.6,845.8,103,150,6.99,254.1,594
10:07:41,50.4932688,4.7779101,652,30,677.4,15.2,101.75,95.23,-1237.31,-6.87,-3.76,0.01,-0.15,241.4,238.2,828.1,103,150,9.75,279.9,577
10:07:42,50.4930438,4.7773173,633,30,655.6,15.2,100.79,94.88,-1145.62,-6.48,-1.1,0.02,-0.05,240.3,237.7,806.3,102,150,8.68,277,558
10:07:43,50.4928225,4.7767256,613,30,635.9,15.2,99.95,94.9,-1121.77,-6.22,0.74,0.01,0.01,240.7,237.6,786.6,101,150,8.42,284.5,538
10:07:44,50.4925969,4.7761321,594,30,616.7,15.2,99.86,94.72,-1136.17,-5.39,-0.93,0.02,0.04,241.5,237.9,767.5,101,150,9.1,289,519
10:07:45,50.4923799,4.7755419,576,30,599.6,15.2,97.77,94.49,-1143.42,-2.97,0.2,0.01,0.35,240.6,238.2,750.3,99,150,6.28,288.4,501
10:07:46,50.4921628,4.7749537,563,30,591.2,15.5,96.6,94.04,-1112.61,-1.56,1.32,0.03,0.09,241.4,238.3,741.9,98,150,6.67,299.9,488
10:07:47,50.4919478,4.7743641,557,30,586.3,15.5,96.04,92.8,-1002.3,-0.47,0.13,0.02,0.09,241.1,238.8,737,97,150,5.99,287.5,482
10:07:48,50.4917437,4.7737923,552,30,583,15.5,94.3,91.32,-821.65,-0.81,-0.58,0.02,-0.07,242.3,239,733.7,95,150,7.06,298.9,477
10:07:49,50.4915417,4.7732242,550,30,580.1,15.5,92.82,89.84,-621.4,-0.11,-0.43,0.01,-0.02,241.5,239.1,730.8,94,150,5.85,290.4,475
10:07:50,50.4913433,4.7726652,547,30,578.3,15.5,90.91,88.27,-447.39,1.1,0.77,0,0.07,241.7,239.2,729,92,150,5.64,293.4,472
10:07:51,50.4911451,4.7721173,547,30,578.2,15.8,88.54,86.54,-313.6,1.67,0.54,0.01,0.01,243,239.4,728.9,89,150,6.74,307.6,472
10:07:52,50.4909623,4.7715784,548,30,579.5,15.8,88.16,84.79,-198.55,1.58,-1.3,0.01,0.02,243.3,239.7,730.2,89,150,7.38,298.1,473
10:07:53,50.4907751,4.7710465,548,30,580,15.8,86.22,83.59,-102.68,1.9,0.29,-0.02,0.09,242.4,239.6,730.7,87,150,5.91,296.4,473
10:07:54,50.4905887,4.7705238,549,30,580.8,15.8,84.08,82.89,-41.27,1.54,1.96,0.02,0.01,242.7,239.4,731.5,85,150,5.77,311.8,474
10:07:55,50.4904058,4.7699999,551,30,582.2,15.8,82.89,82.22,6.53,2.71,-2.34,-0.01,0.01,239.4,239.9,733,84,150,1.56,232.3,476
10:07:56,50.490221,4.7694786,553,30,585.6,16,81.46,81.56,42.86,2.33,1.2,-0.03,0,240.1,239.3,736.3,82,150,1.78,306.3,478
10:07:57,50.4900395,4.7689703,555,30,587.9,16,82.69,81.23,70.62,2.42,0.32,-0.01,-0.03,240.3,239.2,738.6,84,150,3.16,283.7,480
10:07:58,50.4898597,4.7684508,558,30,590.5,16,81.58,81.54,94.67,2.65,0.99,-0.05,0.01,237.9,239.2,741.2,82,150,1.66,183.6,483
10:07:59,50.489673,4.767933,560,30,593.7,16,82.99,81.99,113.42,2.46,4.66,-0.06,0.03,237.9,239.1,744.5,84,150,2.25,208.1,485
10:08:00,50.4894863,4.7674121,562,30,596.9,16,85.8,82.36,122.2,2.58,-0.3,0,0.03,240.2,239.2,747.6,87,150,4.78,265.5,487
10:08:01,50.489303,4.766886,567,30,600.9,16,85.01,82.69,135.2,4.59,7.4,-0.05,0.15,239.1,239.5,751.6,86,150,3.24,239.9,492
10:08:02,50.4891199,4.7663544,572,30,609,16,83.83,82.92,163.22,5.28,16.53,0.02,0.09,243.6,240.7,759.7,85,150,5.03,312.5,497
10:08:03,50.4889647,4.7658083,582,30,620.2,16,84.35,82.71,228.32,7.7,18.8,-0.04,0.08,246.7,244.3,770.9,85,150,4.77,304.2,507
10:08:04,50.4888396,4.7652452,594,30,636.1,16,84.68,82.07,337.16,8.56,24.14,0,0.12,251.5,248.8,786.8,86,150,5.75,303.2,519
10:08:05,50.4887464,4.7646788,609,30,651.1,16,84.53,81.1,477.75,9.02,27.43,-0.01,0.08,258.6,254.2,801.8,86,150,8.18,315.2,534
10:08:06,50.4886986,4.7641034,626,30,667.5,16.2,84.65,79.91,627.28,9.23,26.96,-0.01,-0.01,265.4,260.8,818.3,86,150,9.16,315.9,551
10:08:07,50.4886967,4.7635303,642,30,685.5,16.2,83.42,78.67,758.83,9.59,29.31,-0.02,0.21,273.2,267.7,836.2,84,150,10.12,327.2,567
10:08:08,50.4887485,4.7629788,661,30,704.6,16.2,82.57,77.4,863.45,9.64,28.58,0.02,0.14,279.9,275.6,855.4,84,150,8.98,325.5,586
10:08:09,50.4888498,4.7624472,680,30,726.5,16.2,81.77,76.43,954.35,9.56,28.71,-0.01,-0.03,285,283.8,877.2,83,150,6.8,304.4,605
10:08:10,50.4889852,4.7619375,698,30,744.6,16.2,81.11,75.98,1029.75,8.04,26.7,-0.02,0.19,293.1,290.6,895.3,82,150,7.36,325.7,623
10:08:11,50.4891506,4.7614577,715,30,759,16.2,82.28,75.87,1061.15,7.42,26.93,-0.01,0.06,300.2,297.6,909.7,83,150,8.59,328.9,640
10:08:12,50.4893546,4.761014,731,30,772.5,16.2,81.03,75.87,1060.33,7.94,25.31,0,0.07,305.3,304.7,923.2,82,150,6.47,318.4,656
10:08:13,50.4895939,4.760605,745,30,784.9,16.2,81.43,76.06,1023.15,7.78,22.23,0.01,0.09,310.8,311.2,935.7,83,150,6.56,312.2,670
10:08:14,50.4898568,4.7602406,756,30,795.6,16.2,80.44,76.22,951.41,8.05,20.78,0.01,0.04,315.6,317,946.3,82,150,5.65,302.3,681
10:08:15,50.4901478,4.7599158,769,30,807.3,16.2,79.3,76.47,870.44,7.83,21.29,-0.01,0.07,319.9,322.5,958.1,81,150,5.12,284.9,694
10:08:16,50.4904534,4.7596288,780,30,818.6,16.2,78.83,76.94,807.38,7.1,20.73,0.01,0.04,326,327.9,969.3,80,150,3.78,294.2,705
10:08:17,50.4907751,4.7593926,792,30,830.2,16.2,77.99,77.6,759.81,8,19.08,-0.01,0.11,330.6,333.3,980.9,79,150,3.66,269.9,717
10:08:18,50.491111,4.7592012,805,30,843.8,16.2,78.55,77.97,729.17,9.05,22.2,-0.02,0.12,336.8,338.4,994.5,80,150,2.51,296,730
10:08:19,50.4914625,4.7590619,819,30,857.7,16.2,77.35,78.1,727.96,10.33,22.61,-0.01,0.1,341.4,344.3,1008.4,79,150,3.46,262.8,744
10:08:20,50.4918214,4.7589809,833,30,872.9,16.2,76.39,78.1,750.27,10.56,23.88,0,0.1,347.1,350.2,1023.6,78,150,3.92,253.7,758
10:08:21,50.4921823,4.758961,850,30,888.6,16.2,75.7,78.22,793.74,10.82,25.62,0.01,0.02,352.6,356.4,1039.3,77,150,4.79,251.1,775
10:08:22,50.4925425,4.7590029,865,30,902.8,16.2,73.85,78.65,849.45,9.54,25.29,0.01,-0.01,0.2,2.5,1053.5,75,150,4.42,220.2,790
10:08:23,50.4929088,4.7591072,879,30,915.1,16.2,74.35,79.25,878.22,9.23,28.02,0,0.08,7.5,8.8,1065.9,76,150,3.87,211.1,804
10:08:24,50.493258,4.7592796,891,30,927.6,16.2,74,79.97,865.8,8.07,27.82,0,0.15,16.2,15.7,1078.4,75,150,4.77,185.5,816
10:08:25,50.4935987,4.7595205,903,30,939.6,16.2,75.95,80.83,831.96,7.66,26.88,0.02,0.11,23.8,22.7,1090.4,77,150,4.01,176.6,828
10:08:26,50.4939221,4.7598291,915,30,951.9,16.2,76.15,81.66,793.16,7.17,25.17,0.01,0.09,30.5,29.7,1102.6,78,150,4.45,190.7,840
10:08:27,50.4942226,4.760195,927,30,964.2,16.2,75.18,82.44,757.82,8.21,21.04,0.02,-0.07,35.6,36,1115,77,150,5.91,218.7,852
10:08:28,50.4944999,4.7606067,940,30,975.5,16.2,73.44,83.12,741.24,8.67,23.01,-0.01,0.08,40,41.4,1126.2,75,150,8.46,232.4,865
10:08:29,50.4947623,4.7610585,951,30,986.2,16.2,73.46,83.66,726.95,7.79,23.23,0.03,0.07,46.9,46.5,1136.9,75,150,8.88,222.1,876
10:08:30,50.4949938,4.7615506,961,30,996.2,16.2,73.36,84.36,704.03,8.81,21.99,-0.01,0.06,51.2,52.2,1147,75,150,9.68,239,886
10:08:31,50.4951948,4.762077,972,30,1006.4,16.2,73.36,84.93,678.17,7.49,22.53,0.01,0.05,58.3,57.2,1157.2,75,150,10.36,228.8,897
10:08:32,50.4953727,4.7626338,982,30,1015.7,16.2,73.37,85.7,655.52,6.21,17.66,-0.02,0.12,62.2,62.2,1166.3,75,150,10.95,241.3,907
10:08:33,50.4955222,4.7632242,992,30,1027.1,16.2,76.78,86.75,628.8,4.43,9.47,0.03,-0.03,66.1,66.4,1177.8,78,150,8.5,247.9,917
10:08:34,50.4956614,4.7638211,1002,30,1036.4,16.2,76.89,88,620.4,2.9,-2.04,0.01,-0.37,66,68.6,1187,78,150,10.2,268.5,927
10:08:35,50.4957998,4.7644362,1007,30,1039.7,16.2,79.15,89.28,596.93,1.89,-6.13,-0.02,-0.01,63.9,68.7,1190.4,81,150,10.86,285.6,932
10:08:36,50.4959478,4.7650435,1009,30,1042,16,79.11,90.76,510.72,0.2,-8.21,-0.03,-0.08,62.9,67.1,1192.7,81,150,11.7,276.7,934
10:08:37,50.49612,4.7656596,1010,30,1041.5,16,80.73,92.57,387.42,-1.1,-11.27,-0.02,-0.1,60.1,65.1,1192.1,82,150,12.52,279.2,935
10:08:38,50.4963039,4.7662771,1008,30,1038.7,16,83.12,94.24,252.37,0.14,-5.57,-0.04,0.09,57.3,62.8,1189.4,85,150,12.5,282.2,933
10:08:39,50.4965109,4.7668937,1005,30,1036.4,16,82.12,95.66,109.55,1.48,-2.2,-0.04,0.08,55.1,60.9,1187.1,84,150,14.7,275.4,930
10:08:40,50.4967246,4.7675117,1003,30,1035.8,16,83.03,96.84,-1.76,0.55,4.37,-0.04,-0.14,56.1,60,1186.4,85,150,13.51,264.9,928
10:08:41,50.4969403,4.7681443,1003,30,1033.6,16,84.5,98.03,-58,1.7,4.45,-0.02,-0.03,56.2,60.2,1184.3,86,150,13.32,266.4,928
10:08:42,50.497148,4.7687776,1000,30,1032.3,16,84.28,99.12,-81.21,0.81,5.36,-0.01,-0.07,56.4,61,1183,86,150,14.96,268.1,925
10:08:43,50.4973566,4.7694349,998,30,1028.8,16,85.16,100.19,-102.65,1.09,5.97,-0.03,0.05,57.6,61.6,1179.4,87,150,14.74,265.8,923
10:08:44,50.4975604,4.7700895,994,30,1026.6,16,86.21,101.39,-126.2,0.78,4.25,-0.03,0.1,58.8,62.5,1177.2,88,150,14.69,264.9,919
10:08:45,50.4977656,4.7707598,991,30,1023.3,16,88.01,102.52,-156.8,-0.18,2.94,0,0.01,60,63.1,1174,90,150,13.72,263.5,916
10:08:46,50.4979649,4.7714471,988,30,1020.9,16,87.99,103.74,-174.25,-0.55,3.01,-0.01,0.04,60.1,63.7,1171.6,90,150,15.17,265.1,913
10:08:47,50.4981627,4.7721377,985,30,1018.4,16,89.56,104.93,-184.15,-0.66,3.44,-0.01,-0.06,61.2,64,1169,91,150,14.35,261.3,910
10:08:48,50.4983644,4.7728391,982,30,1014.8,15.8,90.43,106.02,-193.3,0.21,0.34,0.01,0.06,62,64.3,1165.5,92,150,14.36,258.9,907
10:08:49,50.4985636,4.7735509,979,30,1013.3,15.8,90.94,106.97,-193.45,0.59,1.14,-0.03,0,61.2,64.5,1163.9,93,150,15.25,264.2,904
10:08:50,50.498765,4.7742635,977,30,1012.9,15.8,91.56,107.61,-188.99,0.81,2.77,0,0.02,62,64.5,1163.6,93,150,14.88,259.7,902
10:08:51,50.4989682,4.7749868,977,30,1012.9,15.8,91.51,108.17,-162.99,1.1,4.12,-0.01,0.01,62.2,64.8,1163.5,93,150,15.5,259.8,902
10:08:52,50.4991659,4.7757105,976,30,1012.7,15.8,92.12,108.68,-125.86,1.08,4.75,-0.02,0.03,63,65.4,1163.4,94,150,15.33,259.8,901
10:08:53,50.499356,4.7764423,976,30,1013.2,15.8,92.53,109.15,-90.1,1.41,10.32,-0.02,0.03,63.6,66.2,1163.9,94,150,15.47,261.7,901
10:08:54,50.4995308,4.7771821,977,30,1013.9,15.8,92.65,109.52,-59.42,2.13,18.73,-0.05,0.1,66.1,67.8,1164.6,94,150,15.37,257.5,902
10:08:55,50.4996861,4.7779394,977,30,1016.2,15.8,93.03,109.69,-27.92,4.79,29.01,-0.05,0.23,71.7,71,1166.8,95,150,15.08,246.2,902
10:08:56,50.499791,4.7787155,982,30,1023.2,15.8,92.55,109.48,11.42,4.45,37.03,-0.04,0.12,78.6,76.2,1173.8,94,150,15.97,241.7,907
10:08:57,50.499842,4.7795023,987,30,1028.3,15.8,92.69,109.09,84.18,4.98,44.48,-0.04,0.24,87.7,82.7,1179,94,150,17.48,234.1,912
10:08:58,50.4998198,4.7802906,992,30,1032.6,15.8,91.96,108.62,161.94,2.64,43.65,-0.02,0.21,97.7,90.9,1183.3,94,150,19.45,236.3,917
10:08:59,50.4997214,4.7810615,996,30,1033.3,15.8,92.45,108.31,214.37,2.08,42.46,-0.03,0.21,107.2,99.2,1184,94,150,20.32,239,921
10:09:00,50.4995446,4.7818083,995,30,1034.5,15.8,92.59,107.86,211.53,1.63,43.14,-0.03,0.25,116.8,107.7,1185.2,94,150,21.4,243.3,920
10:09:01,50.4993262,4.7824896,994,30,1029.3,15.8,92.93,107.26,153.68,1.41,43.25,-0.02,0.31,126.4,116.1,1179.9,95,150,22.39,247.2,919
10:09:02,50.4990335,4.783105,990,30,1027,15.8,93.75,106.33,62,1.44,40.42,-0.02,0.27,135.6,125.1,1177.7,95,150,21.95,251.7,915
10:09:03,50.4986842,4.7836381,987,30,1025.5,15.8,93.7,105.36,-30.55,1.68,42.36,-0.04,0.21,144.8,134,1176.1,95,150,21.69,258.4,912
10:09:04,50.4982895,4.7840733,985,30,1024,15.8,94.36,104.13,-95.54,1.11,44.32,-0.03,0.28,154.6,142.7,1174.7,96,150,22.76,261.1,910
10:09:05,50.4978642,4.7844057,981,30,1018.5,15.8,94.77,102.56,-137.2,0.41,45.86,-0.03,0.28,164.8,152,1169.2,96,150,23.47,265.1,906
10:09:06,50.4974211,4.7846185,976,30,1011.8,15.8,94.86,101.2,-173.3,-0.94,45.51,-0.02,0.23,174.3,161.8,1162.5,97,150,22.52,271.6,901
10:09:07,50.4969576,4.7847085,968,30,1000.8,15.8,95.58,100.13,-227.18,-2.74,47.15,-0.03,0.14,183.1,171.4,1151.4,97,150,20.84,276.9,893
10:09:08,50.4965012,4.7846749,956,30,986.5,15.5,96.9,99.39,-319.05,-3.72,51.48,-0.04,0.35,193.3,180.9,1137.2,99,150,22.02,281,881
10:09:09,50.4960513,4.7845072,938,30,965.8,15.5,99.03,98.63,-469.51,-5.06,53.17,-0.03,0.37,204.8,192.1,1116.5,101,150,22.76,285.1,863
10:09:10,50.495645,4.7841961,916,30,941.3,15.5,101.38,98.11,-675.6,-6.17,52.04,-0.03,0.46,216.4,204.2,1091.9,103,150,22.5,289.5,841
10:09:11,50.4952925,4.7837556,889,30,912.6,15.5,103.94,98.03,-917.3,-7.33,48.3,-0.02,0.45,227.9,216.7,1063.3,106,150,21.7,293.9,814
10:09:12,50.4949983,4.7832029,861,30,882.9,15.5,105.51,98.28,-1166.92,-8.37,35.58,0.01,0.27,236.4,228.6,1033.5,107,150,17.09,293.3,786
10:09:13,50.4947594,4.7825949,831,30,853.8,15.2,106.44,99.1,-1378.81,-8.33,22.09,0.03,0.27,243.7,237,1004.4,108,150,15.51,297.3,756
10:09:14,50.4945553,4.7819434,803,30,826.8,15.2,107.14,100.07,-1535.66,-6.99,5.5,0.03,0.06,246.6,242.5,977.4,109,150,11.74,289.4,728
10:09:15,50.494369,4.7812756,780,30,806,15.2,107.81,100.75,-1606.98,-6.55,-2.03,-0.05,0,245.7,244.5,956.7,109,150,8.92,264.4,705
10:09:16,50.4941779,4.7806054,760,30,786.9,15.2,106.12,101.25,-1579.64,-7.99,-6.38,0,-0.07,245.5,244.1,937.6,108,150,7.02,273.3,685
10:09:17,50.4939794,4.7799381,740,30,766,15.2,106.84,101.62,-1477.47,-8.43,-9.29,0.01,-0.09,242.9,243.1,916.6,108,150,6.58,246.2,665
10:09:18,50.4937691,4.779275,716,30,740.2,15.2,106.67,102.15,-1389.01,-9.44,-9.91,-0.01,-0.25,241.6,241.6,890.9,108,150,5.87,249.5,641
10:09:19,50.4935395,4.7786182,690,30,712.1,15.2,107.21,103,-1374.39,-10.09,-10.48,-0.06,-0.02,238.3,239.7,862.8,108,150,5.82,221.3,615
10:09:20,50.4932905,4.7779704,661,30,683.3,15.2,108.22,104.11,-1427.62,-8.12,-0.42,-0.02,0.06,237.2,237.5,834,109,150,5.33,238.8,586
10:09:21,50.4930387,4.777322,632,30,656.3,15.2,110.66,104.91,-1521.39,-6.31,7.72,-0.02,0.12,238.4,236.8,806.9,112,150,7.83,267.1,557
10:09:22,50.4927907,4.7766644,608,30,633.9,15.2,108.52,105.38,-1593.34,-5.71,3.07,-0.04,0.16,239.5,237.8,784.6,110,150,5.66,281.2,533
10:09:23,50.4925507,4.7759974,589,30,616.5,15.2,107.47,105.67,-1568.77,-6.04,4.99,0.02,-0.01,241.1,238.9,767.2,109,150,5.44,299.4,514
10:09:24,50.4923146,4.7753279,571,30,599.7,15.5,110.15,105.51,-1464.82,-4.22,0.25,0.01,0.23,241.8,239.6,750.4,111,150,7.47,282.5,496
10:09:25,50.4920821,4.7746579,555,30,585.9,15.5,108.53,105.16,-1332.54,-2.71,-1.14,-0.02,0.13,241,239.9,736.5,110,150,5.18,273.9,480
